-- MySQL dump 10.13  Distrib 8.0.26, for Linux (x86_64)
--
-- Host: localhost    Database: writersmap
-- ------------------------------------------------------
-- Server version	8.0.26-0ubuntu0.20.04.2

/*!40101 SET @OLD_CHARACTER_SET_CLIENT=@@CHARACTER_SET_CLIENT */;
/*!40101 SET @OLD_CHARACTER_SET_RESULTS=@@CHARACTER_SET_RESULTS */;
/*!40101 SET @OLD_COLLATION_CONNECTION=@@COLLATION_CONNECTION */;
/*!50503 SET NAMES utf8mb4 */;
/*!40103 SET @OLD_TIME_ZONE=@@TIME_ZONE */;
/*!40103 SET TIME_ZONE='+00:00' */;
/*!40014 SET @OLD_UNIQUE_CHECKS=@@UNIQUE_CHECKS, UNIQUE_CHECKS=0 */;
/*!40014 SET @OLD_FOREIGN_KEY_CHECKS=@@FOREIGN_KEY_CHECKS, FOREIGN_KEY_CHECKS=0 */;
/*!40101 SET @OLD_SQL_MODE=@@SQL_MODE, SQL_MODE='NO_AUTO_VALUE_ON_ZERO' */;
/*!40111 SET @OLD_SQL_NOTES=@@SQL_NOTES, SQL_NOTES=0 */;

--
-- Table structure for table `attachmentable`
--

DROP TABLE IF EXISTS `attachmentable`;
/*!40101 SET @saved_cs_client     = @@character_set_client */;
/*!50503 SET character_set_client = utf8mb4 */;
CREATE TABLE `attachmentable` (
  `id` int unsigned NOT NULL AUTO_INCREMENT,
  `attachmentable_type` varchar(255) COLLATE utf8mb4_unicode_ci NOT NULL,
  `attachmentable_id` int unsigned NOT NULL,
  `attachment_id` int unsigned NOT NULL,
  PRIMARY KEY (`id`),
  KEY `attachmentable_attachmentable_type_attachmentable_id_index` (`attachmentable_type`,`attachmentable_id`),
  KEY `attachmentable_attachment_id_foreign` (`attachment_id`),
  CONSTRAINT `attachmentable_attachment_id_foreign` FOREIGN KEY (`attachment_id`) REFERENCES `attachments` (`id`) ON DELETE CASCADE ON UPDATE CASCADE
) ENGINE=InnoDB DEFAULT CHARSET=utf8mb4 COLLATE=utf8mb4_unicode_ci;
/*!40101 SET character_set_client = @saved_cs_client */;

--
-- Dumping data for table `attachmentable`
--

LOCK TABLES `attachmentable` WRITE;
/*!40000 ALTER TABLE `attachmentable` DISABLE KEYS */;
/*!40000 ALTER TABLE `attachmentable` ENABLE KEYS */;
UNLOCK TABLES;

--
-- Table structure for table `attachments`
--

DROP TABLE IF EXISTS `attachments`;
/*!40101 SET @saved_cs_client     = @@character_set_client */;
/*!50503 SET character_set_client = utf8mb4 */;
CREATE TABLE `attachments` (
  `id` int unsigned NOT NULL AUTO_INCREMENT,
  `name` text COLLATE utf8mb4_unicode_ci NOT NULL,
  `original_name` text COLLATE utf8mb4_unicode_ci NOT NULL,
  `mime` varchar(255) COLLATE utf8mb4_unicode_ci NOT NULL,
  `extension` varchar(255) COLLATE utf8mb4_unicode_ci DEFAULT NULL,
  `size` bigint NOT NULL DEFAULT '0',
  `sort` int NOT NULL DEFAULT '0',
  `path` text COLLATE utf8mb4_unicode_ci NOT NULL,
  `description` text COLLATE utf8mb4_unicode_ci,
  `alt` text COLLATE utf8mb4_unicode_ci,
  `hash` text COLLATE utf8mb4_unicode_ci,
  `disk` varchar(255) COLLATE utf8mb4_unicode_ci NOT NULL DEFAULT 'public',
  `user_id` bigint unsigned DEFAULT NULL,
  `group` varchar(255) COLLATE utf8mb4_unicode_ci DEFAULT NULL,
  `created_at` timestamp NULL DEFAULT NULL,
  `updated_at` timestamp NULL DEFAULT NULL,
  PRIMARY KEY (`id`)
) ENGINE=InnoDB DEFAULT CHARSET=utf8mb4 COLLATE=utf8mb4_unicode_ci;
/*!40101 SET character_set_client = @saved_cs_client */;

--
-- Dumping data for table `attachments`
--

LOCK TABLES `attachments` WRITE;
/*!40000 ALTER TABLE `attachments` DISABLE KEYS */;
/*!40000 ALTER TABLE `attachments` ENABLE KEYS */;
UNLOCK TABLES;

--
-- Table structure for table `books`
--

DROP TABLE IF EXISTS `books`;
/*!40101 SET @saved_cs_client     = @@character_set_client */;
/*!50503 SET character_set_client = utf8mb4 */;
CREATE TABLE `books` (
  `id` bigint unsigned NOT NULL AUTO_INCREMENT,
  `user_id` bigint unsigned NOT NULL,
  `cover_image_path` text COLLATE utf8mb4_unicode_ci,
  `title` varchar(255) COLLATE utf8mb4_unicode_ci NOT NULL,
  `additional_title` varchar(255) COLLATE utf8mb4_unicode_ci DEFAULT NULL,
  `address` varchar(255) COLLATE utf8mb4_unicode_ci DEFAULT NULL,
  `phone` varchar(255) COLLATE utf8mb4_unicode_ci DEFAULT NULL,
  `email` varchar(255) COLLATE utf8mb4_unicode_ci DEFAULT NULL,
  `site` varchar(255) COLLATE utf8mb4_unicode_ci DEFAULT NULL,
  `copyright` varchar(255) COLLATE utf8mb4_unicode_ci DEFAULT NULL,
  `created_at` timestamp NULL DEFAULT NULL,
  `updated_at` timestamp NULL DEFAULT NULL,
  PRIMARY KEY (`id`),
  KEY `books_user_id_foreign` (`user_id`),
  CONSTRAINT `books_user_id_foreign` FOREIGN KEY (`user_id`) REFERENCES `users` (`id`)
) ENGINE=InnoDB AUTO_INCREMENT=13 DEFAULT CHARSET=utf8mb4 COLLATE=utf8mb4_unicode_ci;
/*!40101 SET character_set_client = @saved_cs_client */;

--
-- Dumping data for table `books`
--

LOCK TABLES `books` WRITE;
/*!40000 ALTER TABLE `books` DISABLE KEYS */;
INSERT INTO `books` VALUES (1,1,NULL,'asdasdasd',NULL,NULL,NULL,NULL,NULL,NULL,'2021-03-29 20:17:02','2021-03-29 20:17:02'),(2,3,'cover-images/HetwiLE0juLboLFesi77Qk4fXkGwOzHHnHedKV8J.jpg','Hello',NULL,NULL,NULL,NULL,NULL,NULL,'2021-05-14 05:47:15','2021-05-14 07:09:23'),(3,3,'cover-images/qEuqQJRzcXxsp2HmTMvwhjZlNUnefXN8cgMMCg2X.jpg','Witches - Book 1',' First Draft 1','Natassja Lindrea','+61 43 5602 508',NULL,'1/6 Walsh Street Eltham, VIC, Australia','Copyright 2021','2021-05-16 00:51:04','2021-06-20 23:57:15'),(4,3,NULL,'yes',NULL,NULL,NULL,NULL,NULL,NULL,'2021-05-16 07:07:36','2021-05-16 07:07:36'),(5,3,NULL,'blue',NULL,NULL,NULL,NULL,NULL,NULL,'2021-05-16 07:07:42','2021-05-16 07:07:42'),(6,3,NULL,'bob',NULL,NULL,NULL,NULL,NULL,NULL,'2021-05-16 07:07:49','2021-05-16 07:07:49'),(7,5,NULL,'Test1',NULL,NULL,NULL,NULL,NULL,NULL,'2021-05-31 19:11:55','2021-05-31 19:11:55'),(8,6,NULL,'f',NULL,NULL,NULL,NULL,NULL,NULL,'2021-06-23 03:15:17','2021-06-23 03:15:17'),(9,3,NULL,'The Red Jacket',NULL,NULL,NULL,NULL,NULL,NULL,'2021-06-23 04:34:04','2021-06-23 04:34:04'),(10,7,'cover-images/bCzHKDWv1evBJXLBdc0OG9Zt5wMmeGfvfA8yqepP.jpg','The Red Book','1st draft','Toby Bennet','+61 435 602 506','tobybennet@gmail.com','www.theredbook.com','Copyright 2020 ','2021-07-13 09:12:09','2021-07-13 09:13:51'),(11,7,'cover-images/UIIBHtwyts2vWqCXxKUuThtFS9gPWgOUgk9STGcj.jpg','The Red Book 2',NULL,NULL,NULL,NULL,NULL,NULL,'2021-07-13 09:15:45','2021-07-13 09:15:59'),(12,8,NULL,'test',NULL,NULL,NULL,NULL,NULL,NULL,'2021-08-02 06:10:56','2021-08-02 06:10:56');
/*!40000 ALTER TABLE `books` ENABLE KEYS */;
UNLOCK TABLES;

--
-- Table structure for table `breakdowns`
--

DROP TABLE IF EXISTS `breakdowns`;
/*!40101 SET @saved_cs_client     = @@character_set_client */;
/*!50503 SET character_set_client = utf8mb4 */;
CREATE TABLE `breakdowns` (
  `id` bigint unsigned NOT NULL AUTO_INCREMENT,
  `book_id` bigint unsigned NOT NULL,
  `type` varchar(255) COLLATE utf8mb4_unicode_ci NOT NULL,
  `content` json DEFAULT NULL,
  `key_points` json DEFAULT NULL,
  `created_at` timestamp NULL DEFAULT NULL,
  `updated_at` timestamp NULL DEFAULT NULL,
  PRIMARY KEY (`id`),
  KEY `breakdowns_book_id_foreign` (`book_id`),
  CONSTRAINT `breakdowns_book_id_foreign` FOREIGN KEY (`book_id`) REFERENCES `books` (`id`)
) ENGINE=InnoDB AUTO_INCREMENT=1216 DEFAULT CHARSET=utf8mb4 COLLATE=utf8mb4_unicode_ci;
/*!40101 SET character_set_client = @saved_cs_client */;

--
-- Dumping data for table `breakdowns`
--

LOCK TABLES `breakdowns` WRITE;
/*!40000 ALTER TABLE `breakdowns` DISABLE KEYS */;
INSERT INTO `breakdowns` VALUES (1,1,'characters',NULL,NULL,'2021-03-29 20:17:02','2021-03-29 20:17:02'),(2,1,'settings',NULL,NULL,'2021-03-29 20:17:02','2021-03-29 20:17:02'),(3,1,'problem',NULL,NULL,'2021-03-29 20:17:02','2021-03-29 20:17:02'),(4,1,'solution',NULL,NULL,'2021-03-29 20:17:02','2021-03-29 20:17:02'),(5,1,'key-events',NULL,NULL,'2021-03-29 20:17:02','2021-03-29 20:17:02'),(6,2,'characters',NULL,NULL,'2021-05-14 05:47:15','2021-05-14 05:47:15'),(7,2,'settings',NULL,NULL,'2021-05-14 05:47:15','2021-05-14 05:47:15'),(8,2,'problem',NULL,NULL,'2021-05-14 05:47:15','2021-05-14 05:47:15'),(9,2,'solution',NULL,NULL,'2021-05-14 05:47:15','2021-05-14 05:47:15'),(10,2,'key-events',NULL,NULL,'2021-05-14 05:47:15','2021-05-14 05:47:15'),(11,2,'characters',NULL,NULL,'2021-05-14 07:09:23','2021-05-14 07:09:23'),(12,2,'settings',NULL,NULL,'2021-05-14 07:09:23','2021-05-14 07:09:23'),(13,2,'problem',NULL,NULL,'2021-05-14 07:09:23','2021-05-14 07:09:23'),(14,2,'solution',NULL,NULL,'2021-05-14 07:09:23','2021-05-14 07:09:23'),(15,2,'key-events',NULL,NULL,'2021-05-14 07:09:23','2021-05-14 07:09:23'),(16,3,'characters','[\"Witches has been brewing for the better part of 2 years now and in that time frame there seams to be a. \"]','{\"0\": \"Fae Black is Charlotte’s youngest daughter, a determined and strong willed twelve-year-old who’s secret obsession with magic becomes the catalyst for the return of her sisters and the turmoil they are ultimately thrown into. Her unique connection with the Spirit element ultimately leads to a break in the Inferno Prison, releasing Darkness into the world.\", \"1\": \"BROOKLYN BLACK is a down to earth seventeen-year-old, always trying to broker peace amongst her sisters. Upon discovering her grandmother’s music box, skilled in music and studying the science of sound, Brooklyn unlocks the key to the secret long held by her ancestors and eventually, to her gifted connection with the Air element.\", \"2\": \"MARGAUX BLACK, of all the daughters, had the closest relationship with her father and struggled profoundly after his death, closing herself off from her family and the world. Her toughest journey will be to overcome the blame she has placed in magic and the fear she has manifested surrounding her abilities. By unlocking them, she will discover a different kind of magic and an inescapable link to the Fire element.\", \"3\": \"COLBY BLACK is the wild child of the siblings, always up for bold new experiences and travels the world in pursuit of her passion for art; or perhaps just to find her true purpose? After all, her connection is to the Earth element. Colby’s determination to downplay her intelligence and thus avoid responsibility is soon undermined by her key role in the unveiling of the family secret and she must accept that she, too, is a valuable member of this journey.\", \"4\": \"VIOLETTE BLACK is the eldest sister of the Black family, growing up with a healthy respect for magic and an intrinsic sense of responsibility. Leaving the family to pursue her studies in medicine was a difficult decision, made even more so with her father’s passing. That decision fills her with guilt, which soon turns into an obsession with finding a way to cure their mother. It almost prevents her from discovering her connection to the Water element, but when she does, it is so strong she can create tidal waves.\", \"5\": \"CHARLOTTE BLACK’S health is slowly fading, the result of a failed spell intended to save the life of her husband. After his death, her four oldest daughters left the family home, unknowingly leaving their mother to endure this cancer-like illness. With their return and danger around every corner, Charlotte must find a way to harness her inner strength and guide her daughters to survive, revealing to them an inner strength they never knew she possessed. \", \"6\": \"ELEANOR BLACK is the very protective elder sister of Charlotte, aunt to Violette, Colby, Margaux, Brooklyn and Fae, and mother to two of her own daughters; Chantelle and Hannah. Still rebelling against her austere childhood, Eleanor lives an extravagant lifestyle, determined to be the antithesis of her own mother. Her long-held beliefs begin to change, however, as she endures a traumatic divorce and reconnects with the spirit of her deceased mother, realising that the darkness her mother predicted is stealthily infiltrating the world.\", \"7\": \"MARY BLACK - Mary Black is Charlotte and Eleanor’s mother and daughter to Eva Black. A women not openly admired by her daughters who unfortunately felt robbed of their childhood because of their mother\'s superstitions. Convinced of a darkness coming through a vision she received, Mary is the cause of many things that occur to the Black Daughters.  Her belief, something that shared no evidence or popular concern by other covens for a long time, labelled her a loose cannon amongst witches. For years, Mary collected things of the dark and even taught Eleanor and Charlotte how to use dark magic, because she believed that one day, when the darkness came, they would need it. Mary has died recently and many belongings have been given to Charlotte and Eleanor, instigating the family\'s journey to discover the secret. MANUELLE BLACK - Manuella, known as Manuelle, is a witch who experienced a difficult upbringing in hiding. Her mother Elizabeth, in desperation to save her, gave her to her Aboriginal servant, Alkina, to take away into the night before she was killed. Manuella, to remain safe and unconnected to Elizabeth who was burnt in their home, took on the persona of a boy and changed her name to Manuelle Black. Black for the colour of her blood.  She lived with Alkina’\'s family in the outback, a couple miles out of town until she was 12 years old and discovered she had a gift. Alkina gives Manuelle a music box that her mother had asked to be passed down to her when she was ready and tells her that her mother called it \\\"The key to their history.\\\"  Manuelle lives a troubled life when Alkina and her family are murdered and then her own. In her grief and to protect the secret, she sacrifices her life and spirit to the music box, where she remains until Fae crosses her over in the present. \", \"8\": \"EVA BLACK - Mary\'s mother Eva Black, had a dream that told her of a relative unborn coming to her from a future and that relative would need guidance towards a threat that has been slowly growing for thousands of years. That for the relative to come to her, she would need to create the pathway, the path through time. So when the time comes, she would find her and she could deliver the message.   Eva tells Colby that there is a darkness in their future. That this darkness has been breaking the walls that contain it for thousands of years and they are starting to crack. That Colby plays an important role and that she must help their people prepare for what’s coming. She tells Colby that the evidence is not strong enough for her to bring to the covens of her time, but in Colby’s  time, it must. \", \"9\": \"LOUISE BERKSHIRE - Louise was a young witch in a rich family, her father a mayor in England. Always mischievous, looking for the next exciting opportunity, no fear or common sense for safety. An exciting man shows interest towards Louise and convinces her to run away with him to be married. Madly in love with the man, Louise does so.  Upon leaving to another town, Louise is captured, to which she finds out is orchestrated by the man she fell in love with. Betrayed, pain and fear envelopes her. The Enlightened, who the man works for - uses a method to brainwash her. Using the anger to convince Louise that all witches must be destroyed. Once brainwashed, she is assigned to leave her life behind, to be sent to Australia to investigate a town Witch, known as Manuelle Black.  She is instructed to kill her family to emotionally disable her. Conflicted, Louise fakes their death not killing Manuelles family but ensuring Manuelle believes so. As MANUELLE performs the spell to sacrifice and protect the secret, she is unaware that Louise is in the house read to capture her and she too is trapped into the music bo\", \"12\": \"MANUELLE BLACK - Manuella, known as Manuelle, is a witch who experienced a difficult upbringing in hiding. Her mother Elizabeth, in desperation to save her, gave her to her Aboriginal servant, Alkina, to take away into the night before she was killed. Manuella, to remain safe and unconnected to Elizabeth who was burnt in their home, took on the persona of a boy and changed her name to Manuelle Black. Black for the colour of her blood.  She lived with Alkina’\'s family in the outback, a couple miles out of town until she was 12 years old and discovered she had a gift. Alkina gives Manuelle a music box that her mother had asked to be passed down to her when she was ready and tells her that her mother called it \\\"The key to their history.\\\"  Manuelle lives a troubled life when Alkina and her family are murdered and then her own. In her grief and to protect the secret, she sacrifices her life and spirit to the music box, where she remains until Fae crosses her over in the present. \", \"13\": \"LUCIO - Lucio works for the Enlightened and is assigned to observe the family. Lucio disguises himself as a Waiter that takes interest in Colby. However, unintentionally he falls in love with Colby and when the Enlightened kidnap Eleanor, is the reason that she isn\'t killed.\", \"14\": \"LUKE RICHTER - Luke, a popular kid studying music at the Sydney School of Music with Brooklyn, and is unaware that his father is part of the secret society hunting her family. When Brooklyn asks Luke for his help to track a man connected to hunting her family, she is unaware it is his father they are talking about. When Luke helps her break into the University  and sees his father, he confronts him. Luke’s father tries to convince him of their cause to protect the world form itself, but doesn’t listen. He goes to leave but is taken away and brainwashed through The Enlightened’s technics.\"}','2021-05-16 00:51:04','2021-06-12 02:19:47'),(17,3,'settings','[\"The first book is set primarily in their home and town untill they are attacked and travel in hiding. \"]','[\"He\\nType here..\\nllo.\", \"How do you do. Type here..\", \"Nope.Type here..\", \"Yes. \"]','2021-05-16 00:51:04','2021-06-21 00:38:25'),(18,3,'problem',NULL,NULL,'2021-05-16 00:51:04','2021-05-16 00:51:04'),(19,3,'solution',NULL,NULL,'2021-05-16 00:51:04','2021-05-16 00:51:04'),(20,3,'key-events',NULL,NULL,'2021-05-16 00:51:04','2021-05-16 00:51:04'),(21,3,'characters',NULL,NULL,'2021-05-16 00:54:08','2021-05-16 00:54:08'),(22,3,'settings',NULL,NULL,'2021-05-16 00:54:08','2021-05-16 00:54:08'),(23,3,'problem',NULL,NULL,'2021-05-16 00:54:08','2021-05-16 00:54:08'),(24,3,'solution',NULL,NULL,'2021-05-16 00:54:08','2021-05-16 00:54:08'),(25,3,'key-events',NULL,NULL,'2021-05-16 00:54:08','2021-05-16 00:54:08'),(26,3,'characters',NULL,NULL,'2021-05-16 00:54:53','2021-05-16 00:54:53'),(27,3,'settings',NULL,NULL,'2021-05-16 00:54:53','2021-05-16 00:54:53'),(28,3,'problem',NULL,NULL,'2021-05-16 00:54:53','2021-05-16 00:54:53'),(29,3,'solution',NULL,NULL,'2021-05-16 00:54:53','2021-05-16 00:54:53'),(30,3,'key-events',NULL,NULL,'2021-05-16 00:54:53','2021-05-16 00:54:53'),(31,3,'characters',NULL,NULL,'2021-05-16 00:56:27','2021-05-16 00:56:27'),(32,3,'settings',NULL,NULL,'2021-05-16 00:56:27','2021-05-16 00:56:27'),(33,3,'problem',NULL,NULL,'2021-05-16 00:56:27','2021-05-16 00:56:27'),(34,3,'solution',NULL,NULL,'2021-05-16 00:56:27','2021-05-16 00:56:27'),(35,3,'key-events',NULL,NULL,'2021-05-16 00:56:27','2021-05-16 00:56:27'),(36,4,'characters',NULL,NULL,'2021-05-16 07:07:36','2021-05-16 07:07:36'),(37,4,'settings',NULL,NULL,'2021-05-16 07:07:36','2021-05-16 07:07:36'),(38,4,'problem',NULL,NULL,'2021-05-16 07:07:36','2021-05-16 07:07:36'),(39,4,'solution',NULL,NULL,'2021-05-16 07:07:36','2021-05-16 07:07:36'),(40,4,'key-events',NULL,NULL,'2021-05-16 07:07:36','2021-05-16 07:07:36'),(41,5,'characters',NULL,NULL,'2021-05-16 07:07:42','2021-05-16 07:07:42'),(42,5,'settings',NULL,NULL,'2021-05-16 07:07:42','2021-05-16 07:07:42'),(43,5,'problem',NULL,NULL,'2021-05-16 07:07:42','2021-05-16 07:07:42'),(44,5,'solution',NULL,NULL,'2021-05-16 07:07:42','2021-05-16 07:07:42'),(45,5,'key-events',NULL,NULL,'2021-05-16 07:07:42','2021-05-16 07:07:42'),(46,6,'characters',NULL,'[\"] Platforms you’ll need to go evergreen. ConvertKit – for emails and creating landing pages. Demio – for webinars. Deadline Funnel – allows you to create smart links with individual automated\"]','2021-05-16 07:07:49','2021-05-18 02:33:26'),(47,6,'settings',NULL,NULL,'2021-05-16 07:07:49','2021-05-16 07:07:49'),(48,6,'problem',NULL,NULL,'2021-05-16 07:07:49','2021-05-16 07:07:49'),(49,6,'solution',NULL,NULL,'2021-05-16 07:07:49','2021-05-16 07:07:49'),(50,6,'key-events',NULL,NULL,'2021-05-16 07:07:49','2021-05-16 07:07:49'),(51,3,'characters',NULL,NULL,'2021-05-16 07:14:43','2021-05-16 07:14:43'),(52,3,'settings',NULL,NULL,'2021-05-16 07:14:43','2021-05-16 07:14:43'),(53,3,'problem',NULL,NULL,'2021-05-16 07:14:43','2021-05-16 07:14:43'),(54,3,'solution',NULL,NULL,'2021-05-16 07:14:43','2021-05-16 07:14:43'),(55,3,'key-events',NULL,NULL,'2021-05-16 07:14:43','2021-05-16 07:14:43'),(56,3,'characters',NULL,NULL,'2021-05-16 07:14:43','2021-05-16 07:14:43'),(57,3,'settings',NULL,NULL,'2021-05-16 07:14:43','2021-05-16 07:14:43'),(58,3,'problem',NULL,NULL,'2021-05-16 07:14:43','2021-05-16 07:14:43'),(59,3,'solution',NULL,NULL,'2021-05-16 07:14:43','2021-05-16 07:14:43'),(60,3,'key-events',NULL,NULL,'2021-05-16 07:14:43','2021-05-16 07:14:43'),(61,3,'characters',NULL,NULL,'2021-05-16 07:14:44','2021-05-16 07:14:44'),(62,3,'settings',NULL,NULL,'2021-05-16 07:14:44','2021-05-16 07:14:44'),(63,3,'problem',NULL,NULL,'2021-05-16 07:14:44','2021-05-16 07:14:44'),(64,3,'solution',NULL,NULL,'2021-05-16 07:14:44','2021-05-16 07:14:44'),(65,3,'key-events',NULL,NULL,'2021-05-16 07:14:44','2021-05-16 07:14:44'),(66,3,'characters',NULL,NULL,'2021-05-16 07:14:44','2021-05-16 07:14:44'),(67,3,'settings',NULL,NULL,'2021-05-16 07:14:44','2021-05-16 07:14:44'),(68,3,'problem',NULL,NULL,'2021-05-16 07:14:44','2021-05-16 07:14:44'),(69,3,'solution',NULL,NULL,'2021-05-16 07:14:44','2021-05-16 07:14:44'),(70,3,'key-events',NULL,NULL,'2021-05-16 07:14:44','2021-05-16 07:14:44'),(71,3,'characters',NULL,NULL,'2021-05-16 07:14:44','2021-05-16 07:14:44'),(72,3,'settings',NULL,NULL,'2021-05-16 07:14:44','2021-05-16 07:14:44'),(73,3,'problem',NULL,NULL,'2021-05-16 07:14:44','2021-05-16 07:14:44'),(74,3,'solution',NULL,NULL,'2021-05-16 07:14:44','2021-05-16 07:14:44'),(75,3,'key-events',NULL,NULL,'2021-05-16 07:14:44','2021-05-16 07:14:44'),(76,3,'characters',NULL,NULL,'2021-05-16 07:14:45','2021-05-16 07:14:45'),(77,3,'settings',NULL,NULL,'2021-05-16 07:14:45','2021-05-16 07:14:45'),(78,3,'problem',NULL,NULL,'2021-05-16 07:14:45','2021-05-16 07:14:45'),(79,3,'solution',NULL,NULL,'2021-05-16 07:14:45','2021-05-16 07:14:45'),(80,3,'key-events',NULL,NULL,'2021-05-16 07:14:45','2021-05-16 07:14:45'),(81,3,'characters',NULL,NULL,'2021-05-16 07:14:45','2021-05-16 07:14:45'),(82,3,'settings',NULL,NULL,'2021-05-16 07:14:45','2021-05-16 07:14:45'),(83,3,'problem',NULL,NULL,'2021-05-16 07:14:45','2021-05-16 07:14:45'),(84,3,'solution',NULL,NULL,'2021-05-16 07:14:45','2021-05-16 07:14:45'),(85,3,'key-events',NULL,NULL,'2021-05-16 07:14:45','2021-05-16 07:14:45'),(86,3,'characters',NULL,NULL,'2021-05-16 07:14:45','2021-05-16 07:14:45'),(87,3,'settings',NULL,NULL,'2021-05-16 07:14:45','2021-05-16 07:14:45'),(88,3,'problem',NULL,NULL,'2021-05-16 07:14:45','2021-05-16 07:14:45'),(89,3,'solution',NULL,NULL,'2021-05-16 07:14:45','2021-05-16 07:14:45'),(90,3,'key-events',NULL,NULL,'2021-05-16 07:14:45','2021-05-16 07:14:45'),(91,3,'characters',NULL,NULL,'2021-05-16 07:14:45','2021-05-16 07:14:45'),(92,3,'settings',NULL,NULL,'2021-05-16 07:14:45','2021-05-16 07:14:45'),(93,3,'problem',NULL,NULL,'2021-05-16 07:14:45','2021-05-16 07:14:45'),(94,3,'solution',NULL,NULL,'2021-05-16 07:14:45','2021-05-16 07:14:45'),(95,3,'key-events',NULL,NULL,'2021-05-16 07:14:45','2021-05-16 07:14:45'),(96,3,'characters',NULL,NULL,'2021-05-16 07:14:45','2021-05-16 07:14:45'),(97,3,'settings',NULL,NULL,'2021-05-16 07:14:45','2021-05-16 07:14:45'),(98,3,'problem',NULL,NULL,'2021-05-16 07:14:45','2021-05-16 07:14:45'),(99,3,'solution',NULL,NULL,'2021-05-16 07:14:45','2021-05-16 07:14:45'),(100,3,'key-events',NULL,NULL,'2021-05-16 07:14:45','2021-05-16 07:14:45'),(101,3,'characters',NULL,NULL,'2021-05-16 07:14:46','2021-05-16 07:14:46'),(102,3,'settings',NULL,NULL,'2021-05-16 07:14:46','2021-05-16 07:14:46'),(103,3,'problem',NULL,NULL,'2021-05-16 07:14:46','2021-05-16 07:14:46'),(104,3,'solution',NULL,NULL,'2021-05-16 07:14:46','2021-05-16 07:14:46'),(105,3,'key-events',NULL,NULL,'2021-05-16 07:14:46','2021-05-16 07:14:46'),(106,3,'characters',NULL,NULL,'2021-05-16 07:14:46','2021-05-16 07:14:46'),(107,3,'settings',NULL,NULL,'2021-05-16 07:14:46','2021-05-16 07:14:46'),(108,3,'problem',NULL,NULL,'2021-05-16 07:14:46','2021-05-16 07:14:46'),(109,3,'solution',NULL,NULL,'2021-05-16 07:14:46','2021-05-16 07:14:46'),(110,3,'key-events',NULL,NULL,'2021-05-16 07:14:46','2021-05-16 07:14:46'),(111,3,'characters',NULL,NULL,'2021-05-16 07:14:46','2021-05-16 07:14:46'),(112,3,'settings',NULL,NULL,'2021-05-16 07:14:46','2021-05-16 07:14:46'),(113,3,'problem',NULL,NULL,'2021-05-16 07:14:46','2021-05-16 07:14:46'),(114,3,'solution',NULL,NULL,'2021-05-16 07:14:46','2021-05-16 07:14:46'),(115,3,'key-events',NULL,NULL,'2021-05-16 07:14:46','2021-05-16 07:14:46'),(116,3,'characters',NULL,NULL,'2021-05-16 07:14:47','2021-05-16 07:14:47'),(117,3,'settings',NULL,NULL,'2021-05-16 07:14:47','2021-05-16 07:14:47'),(118,3,'problem',NULL,NULL,'2021-05-16 07:14:47','2021-05-16 07:14:47'),(119,3,'solution',NULL,NULL,'2021-05-16 07:14:47','2021-05-16 07:14:47'),(120,3,'key-events',NULL,NULL,'2021-05-16 07:14:47','2021-05-16 07:14:47'),(121,3,'characters',NULL,NULL,'2021-05-16 07:14:47','2021-05-16 07:14:47'),(122,3,'settings',NULL,NULL,'2021-05-16 07:14:47','2021-05-16 07:14:47'),(123,3,'problem',NULL,NULL,'2021-05-16 07:14:47','2021-05-16 07:14:47'),(124,3,'solution',NULL,NULL,'2021-05-16 07:14:47','2021-05-16 07:14:47'),(125,3,'key-events',NULL,NULL,'2021-05-16 07:14:47','2021-05-16 07:14:47'),(126,3,'characters',NULL,NULL,'2021-05-16 07:14:47','2021-05-16 07:14:47'),(127,3,'settings',NULL,NULL,'2021-05-16 07:14:47','2021-05-16 07:14:47'),(128,3,'problem',NULL,NULL,'2021-05-16 07:14:47','2021-05-16 07:14:47'),(129,3,'solution',NULL,NULL,'2021-05-16 07:14:47','2021-05-16 07:14:47'),(130,3,'key-events',NULL,NULL,'2021-05-16 07:14:47','2021-05-16 07:14:47'),(131,3,'characters',NULL,NULL,'2021-05-16 07:14:47','2021-05-16 07:14:47'),(132,3,'settings',NULL,NULL,'2021-05-16 07:14:47','2021-05-16 07:14:47'),(133,3,'problem',NULL,NULL,'2021-05-16 07:14:47','2021-05-16 07:14:47'),(134,3,'solution',NULL,NULL,'2021-05-16 07:14:47','2021-05-16 07:14:47'),(135,3,'key-events',NULL,NULL,'2021-05-16 07:14:47','2021-05-16 07:14:47'),(136,3,'characters',NULL,NULL,'2021-05-16 07:14:47','2021-05-16 07:14:47'),(137,3,'settings',NULL,NULL,'2021-05-16 07:14:47','2021-05-16 07:14:47'),(138,3,'problem',NULL,NULL,'2021-05-16 07:14:47','2021-05-16 07:14:47'),(139,3,'solution',NULL,NULL,'2021-05-16 07:14:47','2021-05-16 07:14:47'),(140,3,'key-events',NULL,NULL,'2021-05-16 07:14:47','2021-05-16 07:14:47'),(141,3,'characters',NULL,NULL,'2021-05-16 07:14:48','2021-05-16 07:14:48'),(142,3,'settings',NULL,NULL,'2021-05-16 07:14:48','2021-05-16 07:14:48'),(143,3,'problem',NULL,NULL,'2021-05-16 07:14:48','2021-05-16 07:14:48'),(144,3,'solution',NULL,NULL,'2021-05-16 07:14:48','2021-05-16 07:14:48'),(145,3,'key-events',NULL,NULL,'2021-05-16 07:14:48','2021-05-16 07:14:48'),(146,3,'characters',NULL,NULL,'2021-05-16 07:14:48','2021-05-16 07:14:48'),(147,3,'settings',NULL,NULL,'2021-05-16 07:14:48','2021-05-16 07:14:48'),(148,3,'problem',NULL,NULL,'2021-05-16 07:14:48','2021-05-16 07:14:48'),(149,3,'solution',NULL,NULL,'2021-05-16 07:14:48','2021-05-16 07:14:48'),(150,3,'key-events',NULL,NULL,'2021-05-16 07:14:48','2021-05-16 07:14:48'),(151,3,'characters',NULL,NULL,'2021-05-16 07:14:48','2021-05-16 07:14:48'),(152,3,'settings',NULL,NULL,'2021-05-16 07:14:48','2021-05-16 07:14:48'),(153,3,'problem',NULL,NULL,'2021-05-16 07:14:48','2021-05-16 07:14:48'),(154,3,'solution',NULL,NULL,'2021-05-16 07:14:48','2021-05-16 07:14:48'),(155,3,'key-events',NULL,NULL,'2021-05-16 07:14:48','2021-05-16 07:14:48'),(156,3,'characters',NULL,NULL,'2021-05-16 07:14:51','2021-05-16 07:14:51'),(157,3,'settings',NULL,NULL,'2021-05-16 07:14:51','2021-05-16 07:14:51'),(158,3,'problem',NULL,NULL,'2021-05-16 07:14:51','2021-05-16 07:14:51'),(159,3,'solution',NULL,NULL,'2021-05-16 07:14:51','2021-05-16 07:14:51'),(160,3,'key-events',NULL,NULL,'2021-05-16 07:14:51','2021-05-16 07:14:51'),(161,3,'characters',NULL,NULL,'2021-05-16 07:14:51','2021-05-16 07:14:51'),(162,3,'settings',NULL,NULL,'2021-05-16 07:14:51','2021-05-16 07:14:51'),(163,3,'problem',NULL,NULL,'2021-05-16 07:14:51','2021-05-16 07:14:51'),(164,3,'solution',NULL,NULL,'2021-05-16 07:14:51','2021-05-16 07:14:51'),(165,3,'key-events',NULL,NULL,'2021-05-16 07:14:51','2021-05-16 07:14:51'),(166,3,'characters',NULL,NULL,'2021-05-16 07:14:51','2021-05-16 07:14:51'),(167,3,'settings',NULL,NULL,'2021-05-16 07:14:51','2021-05-16 07:14:51'),(168,3,'problem',NULL,NULL,'2021-05-16 07:14:51','2021-05-16 07:14:51'),(169,3,'solution',NULL,NULL,'2021-05-16 07:14:51','2021-05-16 07:14:51'),(170,3,'key-events',NULL,NULL,'2021-05-16 07:14:51','2021-05-16 07:14:51'),(171,3,'characters',NULL,NULL,'2021-05-16 07:14:51','2021-05-16 07:14:51'),(172,3,'settings',NULL,NULL,'2021-05-16 07:14:51','2021-05-16 07:14:51'),(173,3,'problem',NULL,NULL,'2021-05-16 07:14:51','2021-05-16 07:14:51'),(174,3,'solution',NULL,NULL,'2021-05-16 07:14:51','2021-05-16 07:14:51'),(175,3,'key-events',NULL,NULL,'2021-05-16 07:14:51','2021-05-16 07:14:51'),(176,3,'characters',NULL,NULL,'2021-05-16 07:14:52','2021-05-16 07:14:52'),(177,3,'settings',NULL,NULL,'2021-05-16 07:14:52','2021-05-16 07:14:52'),(178,3,'problem',NULL,NULL,'2021-05-16 07:14:52','2021-05-16 07:14:52'),(179,3,'solution',NULL,NULL,'2021-05-16 07:14:52','2021-05-16 07:14:52'),(180,3,'key-events',NULL,NULL,'2021-05-16 07:14:52','2021-05-16 07:14:52'),(181,3,'characters',NULL,NULL,'2021-05-16 07:14:52','2021-05-16 07:14:52'),(182,3,'settings',NULL,NULL,'2021-05-16 07:14:52','2021-05-16 07:14:52'),(183,3,'problem',NULL,NULL,'2021-05-16 07:14:52','2021-05-16 07:14:52'),(184,3,'solution',NULL,NULL,'2021-05-16 07:14:52','2021-05-16 07:14:52'),(185,3,'key-events',NULL,NULL,'2021-05-16 07:14:52','2021-05-16 07:14:52'),(186,3,'characters',NULL,NULL,'2021-05-16 07:14:52','2021-05-16 07:14:52'),(187,3,'settings',NULL,NULL,'2021-05-16 07:14:52','2021-05-16 07:14:52'),(188,3,'problem',NULL,NULL,'2021-05-16 07:14:52','2021-05-16 07:14:52'),(189,3,'solution',NULL,NULL,'2021-05-16 07:14:52','2021-05-16 07:14:52'),(190,3,'key-events',NULL,NULL,'2021-05-16 07:14:52','2021-05-16 07:14:52'),(191,3,'characters',NULL,NULL,'2021-05-16 07:14:52','2021-05-16 07:14:52'),(192,3,'settings',NULL,NULL,'2021-05-16 07:14:52','2021-05-16 07:14:52'),(193,3,'problem',NULL,NULL,'2021-05-16 07:14:52','2021-05-16 07:14:52'),(194,3,'solution',NULL,NULL,'2021-05-16 07:14:52','2021-05-16 07:14:52'),(195,3,'key-events',NULL,NULL,'2021-05-16 07:14:52','2021-05-16 07:14:52'),(196,3,'characters',NULL,NULL,'2021-05-16 07:14:52','2021-05-16 07:14:52'),(197,3,'settings',NULL,NULL,'2021-05-16 07:14:52','2021-05-16 07:14:52'),(198,3,'problem',NULL,NULL,'2021-05-16 07:14:52','2021-05-16 07:14:52'),(199,3,'solution',NULL,NULL,'2021-05-16 07:14:52','2021-05-16 07:14:52'),(200,3,'key-events',NULL,NULL,'2021-05-16 07:14:52','2021-05-16 07:14:52'),(201,3,'characters',NULL,NULL,'2021-05-16 07:14:52','2021-05-16 07:14:52'),(202,3,'settings',NULL,NULL,'2021-05-16 07:14:52','2021-05-16 07:14:52'),(203,3,'problem',NULL,NULL,'2021-05-16 07:14:52','2021-05-16 07:14:52'),(204,3,'solution',NULL,NULL,'2021-05-16 07:14:52','2021-05-16 07:14:52'),(205,3,'key-events',NULL,NULL,'2021-05-16 07:14:52','2021-05-16 07:14:52'),(206,3,'characters',NULL,NULL,'2021-05-16 07:14:52','2021-05-16 07:14:52'),(207,3,'settings',NULL,NULL,'2021-05-16 07:14:52','2021-05-16 07:14:52'),(208,3,'problem',NULL,NULL,'2021-05-16 07:14:52','2021-05-16 07:14:52'),(209,3,'solution',NULL,NULL,'2021-05-16 07:14:52','2021-05-16 07:14:52'),(210,3,'key-events',NULL,NULL,'2021-05-16 07:14:52','2021-05-16 07:14:52'),(211,3,'characters',NULL,NULL,'2021-05-16 07:14:53','2021-05-16 07:14:53'),(212,3,'settings',NULL,NULL,'2021-05-16 07:14:53','2021-05-16 07:14:53'),(213,3,'problem',NULL,NULL,'2021-05-16 07:14:53','2021-05-16 07:14:53'),(214,3,'solution',NULL,NULL,'2021-05-16 07:14:53','2021-05-16 07:14:53'),(215,3,'key-events',NULL,NULL,'2021-05-16 07:14:53','2021-05-16 07:14:53'),(216,3,'characters',NULL,NULL,'2021-05-16 07:14:53','2021-05-16 07:14:53'),(217,3,'settings',NULL,NULL,'2021-05-16 07:14:53','2021-05-16 07:14:53'),(218,3,'problem',NULL,NULL,'2021-05-16 07:14:53','2021-05-16 07:14:53'),(219,3,'solution',NULL,NULL,'2021-05-16 07:14:53','2021-05-16 07:14:53'),(220,3,'key-events',NULL,NULL,'2021-05-16 07:14:53','2021-05-16 07:14:53'),(221,3,'characters',NULL,NULL,'2021-05-16 07:14:53','2021-05-16 07:14:53'),(222,3,'settings',NULL,NULL,'2021-05-16 07:14:53','2021-05-16 07:14:53'),(223,3,'problem',NULL,NULL,'2021-05-16 07:14:53','2021-05-16 07:14:53'),(224,3,'solution',NULL,NULL,'2021-05-16 07:14:53','2021-05-16 07:14:53'),(225,3,'key-events',NULL,NULL,'2021-05-16 07:14:53','2021-05-16 07:14:53'),(226,3,'characters',NULL,NULL,'2021-05-16 07:14:53','2021-05-16 07:14:53'),(227,3,'settings',NULL,NULL,'2021-05-16 07:14:53','2021-05-16 07:14:53'),(228,3,'problem',NULL,NULL,'2021-05-16 07:14:53','2021-05-16 07:14:53'),(229,3,'solution',NULL,NULL,'2021-05-16 07:14:53','2021-05-16 07:14:53'),(230,3,'key-events',NULL,NULL,'2021-05-16 07:14:53','2021-05-16 07:14:53'),(231,3,'characters',NULL,NULL,'2021-05-16 07:14:53','2021-05-16 07:14:53'),(232,3,'settings',NULL,NULL,'2021-05-16 07:14:53','2021-05-16 07:14:53'),(233,3,'problem',NULL,NULL,'2021-05-16 07:14:53','2021-05-16 07:14:53'),(234,3,'solution',NULL,NULL,'2021-05-16 07:14:53','2021-05-16 07:14:53'),(235,3,'key-events',NULL,NULL,'2021-05-16 07:14:53','2021-05-16 07:14:53'),(236,3,'characters',NULL,NULL,'2021-05-16 07:14:55','2021-05-16 07:14:55'),(237,3,'settings',NULL,NULL,'2021-05-16 07:14:55','2021-05-16 07:14:55'),(238,3,'problem',NULL,NULL,'2021-05-16 07:14:55','2021-05-16 07:14:55'),(239,3,'solution',NULL,NULL,'2021-05-16 07:14:55','2021-05-16 07:14:55'),(240,3,'key-events',NULL,NULL,'2021-05-16 07:14:55','2021-05-16 07:14:55'),(241,3,'characters',NULL,NULL,'2021-05-16 07:14:56','2021-05-16 07:14:56'),(242,3,'settings',NULL,NULL,'2021-05-16 07:14:56','2021-05-16 07:14:56'),(243,3,'problem',NULL,NULL,'2021-05-16 07:14:56','2021-05-16 07:14:56'),(244,3,'solution',NULL,NULL,'2021-05-16 07:14:56','2021-05-16 07:14:56'),(245,3,'key-events',NULL,NULL,'2021-05-16 07:14:56','2021-05-16 07:14:56'),(246,3,'characters',NULL,NULL,'2021-05-16 07:14:56','2021-05-16 07:14:56'),(247,3,'settings',NULL,NULL,'2021-05-16 07:14:56','2021-05-16 07:14:56'),(248,3,'problem',NULL,NULL,'2021-05-16 07:14:56','2021-05-16 07:14:56'),(249,3,'solution',NULL,NULL,'2021-05-16 07:14:56','2021-05-16 07:14:56'),(250,3,'key-events',NULL,NULL,'2021-05-16 07:14:56','2021-05-16 07:14:56'),(251,3,'characters',NULL,NULL,'2021-05-16 07:14:57','2021-05-16 07:14:57'),(252,3,'settings',NULL,NULL,'2021-05-16 07:14:57','2021-05-16 07:14:57'),(253,3,'problem',NULL,NULL,'2021-05-16 07:14:57','2021-05-16 07:14:57'),(254,3,'solution',NULL,NULL,'2021-05-16 07:14:57','2021-05-16 07:14:57'),(255,3,'key-events',NULL,NULL,'2021-05-16 07:14:57','2021-05-16 07:14:57'),(256,3,'characters',NULL,NULL,'2021-05-16 07:14:58','2021-05-16 07:14:58'),(257,3,'settings',NULL,NULL,'2021-05-16 07:14:58','2021-05-16 07:14:58'),(258,3,'problem',NULL,NULL,'2021-05-16 07:14:58','2021-05-16 07:14:58'),(259,3,'solution',NULL,NULL,'2021-05-16 07:14:58','2021-05-16 07:14:58'),(260,3,'key-events',NULL,NULL,'2021-05-16 07:14:58','2021-05-16 07:14:58'),(261,3,'characters',NULL,NULL,'2021-05-16 07:14:59','2021-05-16 07:14:59'),(262,3,'settings',NULL,NULL,'2021-05-16 07:14:59','2021-05-16 07:14:59'),(263,3,'problem',NULL,NULL,'2021-05-16 07:14:59','2021-05-16 07:14:59'),(264,3,'solution',NULL,NULL,'2021-05-16 07:14:59','2021-05-16 07:14:59'),(265,3,'key-events',NULL,NULL,'2021-05-16 07:14:59','2021-05-16 07:14:59'),(266,3,'characters',NULL,NULL,'2021-05-16 07:14:59','2021-05-16 07:14:59'),(267,3,'settings',NULL,NULL,'2021-05-16 07:14:59','2021-05-16 07:14:59'),(268,3,'problem',NULL,NULL,'2021-05-16 07:14:59','2021-05-16 07:14:59'),(269,3,'solution',NULL,NULL,'2021-05-16 07:14:59','2021-05-16 07:14:59'),(270,3,'key-events',NULL,NULL,'2021-05-16 07:14:59','2021-05-16 07:14:59'),(271,3,'characters',NULL,NULL,'2021-05-16 07:14:59','2021-05-16 07:14:59'),(272,3,'settings',NULL,NULL,'2021-05-16 07:14:59','2021-05-16 07:14:59'),(273,3,'problem',NULL,NULL,'2021-05-16 07:14:59','2021-05-16 07:14:59'),(274,3,'solution',NULL,NULL,'2021-05-16 07:14:59','2021-05-16 07:14:59'),(275,3,'key-events',NULL,NULL,'2021-05-16 07:14:59','2021-05-16 07:14:59'),(276,3,'characters',NULL,NULL,'2021-05-16 07:14:59','2021-05-16 07:14:59'),(277,3,'settings',NULL,NULL,'2021-05-16 07:14:59','2021-05-16 07:14:59'),(278,3,'problem',NULL,NULL,'2021-05-16 07:14:59','2021-05-16 07:14:59'),(279,3,'solution',NULL,NULL,'2021-05-16 07:14:59','2021-05-16 07:14:59'),(280,3,'key-events',NULL,NULL,'2021-05-16 07:14:59','2021-05-16 07:14:59'),(281,3,'characters',NULL,NULL,'2021-05-16 07:15:00','2021-05-16 07:15:00'),(282,3,'settings',NULL,NULL,'2021-05-16 07:15:00','2021-05-16 07:15:00'),(283,3,'problem',NULL,NULL,'2021-05-16 07:15:00','2021-05-16 07:15:00'),(284,3,'solution',NULL,NULL,'2021-05-16 07:15:00','2021-05-16 07:15:00'),(285,3,'key-events',NULL,NULL,'2021-05-16 07:15:00','2021-05-16 07:15:00'),(286,3,'characters',NULL,NULL,'2021-05-16 07:15:00','2021-05-16 07:15:00'),(287,3,'settings',NULL,NULL,'2021-05-16 07:15:00','2021-05-16 07:15:00'),(288,3,'problem',NULL,NULL,'2021-05-16 07:15:00','2021-05-16 07:15:00'),(289,3,'solution',NULL,NULL,'2021-05-16 07:15:00','2021-05-16 07:15:00'),(290,3,'key-events',NULL,NULL,'2021-05-16 07:15:00','2021-05-16 07:15:00'),(291,3,'characters',NULL,NULL,'2021-05-16 07:15:00','2021-05-16 07:15:00'),(292,3,'settings',NULL,NULL,'2021-05-16 07:15:00','2021-05-16 07:15:00'),(293,3,'problem',NULL,NULL,'2021-05-16 07:15:00','2021-05-16 07:15:00'),(294,3,'solution',NULL,NULL,'2021-05-16 07:15:00','2021-05-16 07:15:00'),(295,3,'key-events',NULL,NULL,'2021-05-16 07:15:00','2021-05-16 07:15:00'),(296,3,'characters',NULL,NULL,'2021-05-16 07:15:03','2021-05-16 07:15:03'),(297,3,'settings',NULL,NULL,'2021-05-16 07:15:03','2021-05-16 07:15:03'),(298,3,'problem',NULL,NULL,'2021-05-16 07:15:03','2021-05-16 07:15:03'),(299,3,'solution',NULL,NULL,'2021-05-16 07:15:03','2021-05-16 07:15:03'),(300,3,'key-events',NULL,NULL,'2021-05-16 07:15:03','2021-05-16 07:15:03'),(301,3,'characters',NULL,NULL,'2021-05-16 07:15:03','2021-05-16 07:15:03'),(302,3,'settings',NULL,NULL,'2021-05-16 07:15:03','2021-05-16 07:15:03'),(303,3,'problem',NULL,NULL,'2021-05-16 07:15:03','2021-05-16 07:15:03'),(304,3,'solution',NULL,NULL,'2021-05-16 07:15:03','2021-05-16 07:15:03'),(305,3,'key-events',NULL,NULL,'2021-05-16 07:15:03','2021-05-16 07:15:03'),(306,3,'characters',NULL,NULL,'2021-05-16 07:15:05','2021-05-16 07:15:05'),(307,3,'settings',NULL,NULL,'2021-05-16 07:15:05','2021-05-16 07:15:05'),(308,3,'problem',NULL,NULL,'2021-05-16 07:15:05','2021-05-16 07:15:05'),(309,3,'solution',NULL,NULL,'2021-05-16 07:15:05','2021-05-16 07:15:05'),(310,3,'key-events',NULL,NULL,'2021-05-16 07:15:05','2021-05-16 07:15:05'),(311,3,'characters',NULL,NULL,'2021-05-16 07:15:07','2021-05-16 07:15:07'),(312,3,'settings',NULL,NULL,'2021-05-16 07:15:07','2021-05-16 07:15:07'),(313,3,'problem',NULL,NULL,'2021-05-16 07:15:07','2021-05-16 07:15:07'),(314,3,'solution',NULL,NULL,'2021-05-16 07:15:07','2021-05-16 07:15:07'),(315,3,'key-events',NULL,NULL,'2021-05-16 07:15:07','2021-05-16 07:15:07'),(316,3,'characters',NULL,NULL,'2021-05-16 07:15:07','2021-05-16 07:15:07'),(317,3,'settings',NULL,NULL,'2021-05-16 07:15:07','2021-05-16 07:15:07'),(318,3,'problem',NULL,NULL,'2021-05-16 07:15:07','2021-05-16 07:15:07'),(319,3,'solution',NULL,NULL,'2021-05-16 07:15:07','2021-05-16 07:15:07'),(320,3,'key-events',NULL,NULL,'2021-05-16 07:15:07','2021-05-16 07:15:07'),(321,3,'characters',NULL,NULL,'2021-05-16 07:15:07','2021-05-16 07:15:07'),(322,3,'settings',NULL,NULL,'2021-05-16 07:15:07','2021-05-16 07:15:07'),(323,3,'problem',NULL,NULL,'2021-05-16 07:15:07','2021-05-16 07:15:07'),(324,3,'solution',NULL,NULL,'2021-05-16 07:15:07','2021-05-16 07:15:07'),(325,3,'key-events',NULL,NULL,'2021-05-16 07:15:07','2021-05-16 07:15:07'),(326,3,'characters',NULL,NULL,'2021-05-16 07:15:07','2021-05-16 07:15:07'),(327,3,'settings',NULL,NULL,'2021-05-16 07:15:07','2021-05-16 07:15:07'),(328,3,'problem',NULL,NULL,'2021-05-16 07:15:07','2021-05-16 07:15:07'),(329,3,'solution',NULL,NULL,'2021-05-16 07:15:07','2021-05-16 07:15:07'),(330,3,'key-events',NULL,NULL,'2021-05-16 07:15:07','2021-05-16 07:15:07'),(331,3,'characters',NULL,NULL,'2021-05-16 07:15:10','2021-05-16 07:15:10'),(332,3,'settings',NULL,NULL,'2021-05-16 07:15:10','2021-05-16 07:15:10'),(333,3,'problem',NULL,NULL,'2021-05-16 07:15:10','2021-05-16 07:15:10'),(334,3,'solution',NULL,NULL,'2021-05-16 07:15:10','2021-05-16 07:15:10'),(335,3,'key-events',NULL,NULL,'2021-05-16 07:15:10','2021-05-16 07:15:10'),(336,3,'characters',NULL,NULL,'2021-05-16 07:15:11','2021-05-16 07:15:11'),(337,3,'settings',NULL,NULL,'2021-05-16 07:15:11','2021-05-16 07:15:11'),(338,3,'problem',NULL,NULL,'2021-05-16 07:15:11','2021-05-16 07:15:11'),(339,3,'solution',NULL,NULL,'2021-05-16 07:15:11','2021-05-16 07:15:11'),(340,3,'key-events',NULL,NULL,'2021-05-16 07:15:11','2021-05-16 07:15:11'),(341,3,'characters',NULL,NULL,'2021-05-16 07:15:11','2021-05-16 07:15:11'),(342,3,'settings',NULL,NULL,'2021-05-16 07:15:11','2021-05-16 07:15:11'),(343,3,'problem',NULL,NULL,'2021-05-16 07:15:11','2021-05-16 07:15:11'),(344,3,'solution',NULL,NULL,'2021-05-16 07:15:11','2021-05-16 07:15:11'),(345,3,'key-events',NULL,NULL,'2021-05-16 07:15:11','2021-05-16 07:15:11'),(346,3,'characters',NULL,NULL,'2021-05-16 07:15:11','2021-05-16 07:15:11'),(347,3,'settings',NULL,NULL,'2021-05-16 07:15:11','2021-05-16 07:15:11'),(348,3,'problem',NULL,NULL,'2021-05-16 07:15:11','2021-05-16 07:15:11'),(349,3,'solution',NULL,NULL,'2021-05-16 07:15:11','2021-05-16 07:15:11'),(350,3,'key-events',NULL,NULL,'2021-05-16 07:15:11','2021-05-16 07:15:11'),(351,3,'characters',NULL,NULL,'2021-05-16 07:15:11','2021-05-16 07:15:11'),(352,3,'settings',NULL,NULL,'2021-05-16 07:15:11','2021-05-16 07:15:11'),(353,3,'problem',NULL,NULL,'2021-05-16 07:15:11','2021-05-16 07:15:11'),(354,3,'solution',NULL,NULL,'2021-05-16 07:15:11','2021-05-16 07:15:11'),(355,3,'key-events',NULL,NULL,'2021-05-16 07:15:11','2021-05-16 07:15:11'),(356,3,'characters',NULL,NULL,'2021-05-16 07:15:11','2021-05-16 07:15:11'),(357,3,'settings',NULL,NULL,'2021-05-16 07:15:11','2021-05-16 07:15:11'),(358,3,'problem',NULL,NULL,'2021-05-16 07:15:11','2021-05-16 07:15:11'),(359,3,'solution',NULL,NULL,'2021-05-16 07:15:11','2021-05-16 07:15:11'),(360,3,'key-events',NULL,NULL,'2021-05-16 07:15:11','2021-05-16 07:15:11'),(361,3,'characters',NULL,NULL,'2021-05-16 07:15:11','2021-05-16 07:15:11'),(362,3,'settings',NULL,NULL,'2021-05-16 07:15:11','2021-05-16 07:15:11'),(363,3,'problem',NULL,NULL,'2021-05-16 07:15:11','2021-05-16 07:15:11'),(364,3,'solution',NULL,NULL,'2021-05-16 07:15:11','2021-05-16 07:15:11'),(365,3,'key-events',NULL,NULL,'2021-05-16 07:15:11','2021-05-16 07:15:11'),(366,3,'characters',NULL,NULL,'2021-05-16 07:15:11','2021-05-16 07:15:11'),(367,3,'settings',NULL,NULL,'2021-05-16 07:15:11','2021-05-16 07:15:11'),(368,3,'problem',NULL,NULL,'2021-05-16 07:15:11','2021-05-16 07:15:11'),(369,3,'solution',NULL,NULL,'2021-05-16 07:15:11','2021-05-16 07:15:11'),(370,3,'key-events',NULL,NULL,'2021-05-16 07:15:11','2021-05-16 07:15:11'),(371,3,'characters',NULL,NULL,'2021-05-16 07:15:12','2021-05-16 07:15:12'),(372,3,'settings',NULL,NULL,'2021-05-16 07:15:12','2021-05-16 07:15:12'),(373,3,'problem',NULL,NULL,'2021-05-16 07:15:12','2021-05-16 07:15:12'),(374,3,'solution',NULL,NULL,'2021-05-16 07:15:12','2021-05-16 07:15:12'),(375,3,'characters',NULL,NULL,'2021-05-16 07:15:12','2021-05-16 07:15:12'),(376,3,'key-events',NULL,NULL,'2021-05-16 07:15:12','2021-05-16 07:15:12'),(377,3,'settings',NULL,NULL,'2021-05-16 07:15:12','2021-05-16 07:15:12'),(378,3,'problem',NULL,NULL,'2021-05-16 07:15:12','2021-05-16 07:15:12'),(379,3,'solution',NULL,NULL,'2021-05-16 07:15:12','2021-05-16 07:15:12'),(380,3,'key-events',NULL,NULL,'2021-05-16 07:15:12','2021-05-16 07:15:12'),(381,3,'characters',NULL,NULL,'2021-05-16 07:15:12','2021-05-16 07:15:12'),(382,3,'settings',NULL,NULL,'2021-05-16 07:15:12','2021-05-16 07:15:12'),(383,3,'problem',NULL,NULL,'2021-05-16 07:15:12','2021-05-16 07:15:12'),(384,3,'solution',NULL,NULL,'2021-05-16 07:15:12','2021-05-16 07:15:12'),(385,3,'key-events',NULL,NULL,'2021-05-16 07:15:12','2021-05-16 07:15:12'),(386,3,'characters',NULL,NULL,'2021-05-16 07:15:12','2021-05-16 07:15:12'),(387,3,'settings',NULL,NULL,'2021-05-16 07:15:12','2021-05-16 07:15:12'),(388,3,'problem',NULL,NULL,'2021-05-16 07:15:12','2021-05-16 07:15:12'),(389,3,'solution',NULL,NULL,'2021-05-16 07:15:12','2021-05-16 07:15:12'),(390,3,'key-events',NULL,NULL,'2021-05-16 07:15:12','2021-05-16 07:15:12'),(391,3,'characters',NULL,NULL,'2021-05-16 07:15:13','2021-05-16 07:15:13'),(392,3,'settings',NULL,NULL,'2021-05-16 07:15:13','2021-05-16 07:15:13'),(393,3,'problem',NULL,NULL,'2021-05-16 07:15:13','2021-05-16 07:15:13'),(394,3,'solution',NULL,NULL,'2021-05-16 07:15:13','2021-05-16 07:15:13'),(395,3,'key-events',NULL,NULL,'2021-05-16 07:15:13','2021-05-16 07:15:13'),(396,3,'characters',NULL,NULL,'2021-05-16 07:15:13','2021-05-16 07:15:13'),(397,3,'settings',NULL,NULL,'2021-05-16 07:15:13','2021-05-16 07:15:13'),(398,3,'problem',NULL,NULL,'2021-05-16 07:15:13','2021-05-16 07:15:13'),(399,3,'solution',NULL,NULL,'2021-05-16 07:15:13','2021-05-16 07:15:13'),(400,3,'key-events',NULL,NULL,'2021-05-16 07:15:13','2021-05-16 07:15:13'),(401,3,'characters',NULL,NULL,'2021-05-16 07:15:13','2021-05-16 07:15:13'),(402,3,'settings',NULL,NULL,'2021-05-16 07:15:13','2021-05-16 07:15:13'),(403,3,'problem',NULL,NULL,'2021-05-16 07:15:13','2021-05-16 07:15:13'),(404,3,'solution',NULL,NULL,'2021-05-16 07:15:13','2021-05-16 07:15:13'),(405,3,'key-events',NULL,NULL,'2021-05-16 07:15:13','2021-05-16 07:15:13'),(406,3,'characters',NULL,NULL,'2021-05-16 07:15:14','2021-05-16 07:15:14'),(407,3,'settings',NULL,NULL,'2021-05-16 07:15:14','2021-05-16 07:15:14'),(408,3,'problem',NULL,NULL,'2021-05-16 07:15:14','2021-05-16 07:15:14'),(409,3,'solution',NULL,NULL,'2021-05-16 07:15:14','2021-05-16 07:15:14'),(410,3,'key-events',NULL,NULL,'2021-05-16 07:15:14','2021-05-16 07:15:14'),(411,3,'characters',NULL,NULL,'2021-05-16 07:15:14','2021-05-16 07:15:14'),(412,3,'settings',NULL,NULL,'2021-05-16 07:15:14','2021-05-16 07:15:14'),(413,3,'problem',NULL,NULL,'2021-05-16 07:15:14','2021-05-16 07:15:14'),(414,3,'solution',NULL,NULL,'2021-05-16 07:15:14','2021-05-16 07:15:14'),(415,3,'key-events',NULL,NULL,'2021-05-16 07:15:14','2021-05-16 07:15:14'),(416,3,'characters',NULL,NULL,'2021-05-16 07:15:37','2021-05-16 07:15:37'),(417,3,'settings',NULL,NULL,'2021-05-16 07:15:37','2021-05-16 07:15:37'),(418,3,'problem',NULL,NULL,'2021-05-16 07:15:37','2021-05-16 07:15:37'),(419,3,'solution',NULL,NULL,'2021-05-16 07:15:37','2021-05-16 07:15:37'),(420,3,'key-events',NULL,NULL,'2021-05-16 07:15:37','2021-05-16 07:15:37'),(421,3,'characters',NULL,NULL,'2021-05-16 07:15:44','2021-05-16 07:15:44'),(422,3,'settings',NULL,NULL,'2021-05-16 07:15:44','2021-05-16 07:15:44'),(423,3,'problem',NULL,NULL,'2021-05-16 07:15:44','2021-05-16 07:15:44'),(424,3,'solution',NULL,NULL,'2021-05-16 07:15:44','2021-05-16 07:15:44'),(425,3,'key-events',NULL,NULL,'2021-05-16 07:15:44','2021-05-16 07:15:44'),(426,3,'characters',NULL,NULL,'2021-05-16 07:15:44','2021-05-16 07:15:44'),(427,3,'settings',NULL,NULL,'2021-05-16 07:15:44','2021-05-16 07:15:44'),(428,3,'problem',NULL,NULL,'2021-05-16 07:15:44','2021-05-16 07:15:44'),(429,3,'solution',NULL,NULL,'2021-05-16 07:15:44','2021-05-16 07:15:44'),(430,3,'key-events',NULL,NULL,'2021-05-16 07:15:44','2021-05-16 07:15:44'),(431,3,'characters',NULL,NULL,'2021-05-16 07:15:44','2021-05-16 07:15:44'),(432,3,'settings',NULL,NULL,'2021-05-16 07:15:44','2021-05-16 07:15:44'),(433,3,'problem',NULL,NULL,'2021-05-16 07:15:44','2021-05-16 07:15:44'),(434,3,'solution',NULL,NULL,'2021-05-16 07:15:44','2021-05-16 07:15:44'),(435,3,'key-events',NULL,NULL,'2021-05-16 07:15:44','2021-05-16 07:15:44'),(436,3,'characters',NULL,NULL,'2021-05-16 07:15:44','2021-05-16 07:15:44'),(437,3,'settings',NULL,NULL,'2021-05-16 07:15:44','2021-05-16 07:15:44'),(438,3,'problem',NULL,NULL,'2021-05-16 07:15:44','2021-05-16 07:15:44'),(439,3,'solution',NULL,NULL,'2021-05-16 07:15:44','2021-05-16 07:15:44'),(440,3,'key-events',NULL,NULL,'2021-05-16 07:15:44','2021-05-16 07:15:44'),(441,3,'characters',NULL,NULL,'2021-05-16 07:15:44','2021-05-16 07:15:44'),(442,3,'settings',NULL,NULL,'2021-05-16 07:15:44','2021-05-16 07:15:44'),(443,3,'problem',NULL,NULL,'2021-05-16 07:15:44','2021-05-16 07:15:44'),(444,3,'solution',NULL,NULL,'2021-05-16 07:15:44','2021-05-16 07:15:44'),(445,3,'key-events',NULL,NULL,'2021-05-16 07:15:44','2021-05-16 07:15:44'),(446,3,'characters',NULL,NULL,'2021-05-16 07:15:45','2021-05-16 07:15:45'),(447,3,'settings',NULL,NULL,'2021-05-16 07:15:45','2021-05-16 07:15:45'),(448,3,'problem',NULL,NULL,'2021-05-16 07:15:45','2021-05-16 07:15:45'),(449,3,'solution',NULL,NULL,'2021-05-16 07:15:45','2021-05-16 07:15:45'),(450,3,'key-events',NULL,NULL,'2021-05-16 07:15:45','2021-05-16 07:15:45'),(451,3,'characters',NULL,NULL,'2021-05-16 07:15:45','2021-05-16 07:15:45'),(452,3,'settings',NULL,NULL,'2021-05-16 07:15:45','2021-05-16 07:15:45'),(453,3,'problem',NULL,NULL,'2021-05-16 07:15:45','2021-05-16 07:15:45'),(454,3,'solution',NULL,NULL,'2021-05-16 07:15:45','2021-05-16 07:15:45'),(455,3,'key-events',NULL,NULL,'2021-05-16 07:15:45','2021-05-16 07:15:45'),(456,3,'characters',NULL,NULL,'2021-05-16 07:15:45','2021-05-16 07:15:45'),(457,3,'settings',NULL,NULL,'2021-05-16 07:15:45','2021-05-16 07:15:45'),(458,3,'problem',NULL,NULL,'2021-05-16 07:15:45','2021-05-16 07:15:45'),(459,3,'solution',NULL,NULL,'2021-05-16 07:15:45','2021-05-16 07:15:45'),(460,3,'key-events',NULL,NULL,'2021-05-16 07:15:45','2021-05-16 07:15:45'),(461,3,'characters',NULL,NULL,'2021-05-16 07:15:46','2021-05-16 07:15:46'),(462,3,'settings',NULL,NULL,'2021-05-16 07:15:46','2021-05-16 07:15:46'),(463,3,'problem',NULL,NULL,'2021-05-16 07:15:46','2021-05-16 07:15:46'),(464,3,'solution',NULL,NULL,'2021-05-16 07:15:46','2021-05-16 07:15:46'),(465,3,'key-events',NULL,NULL,'2021-05-16 07:15:46','2021-05-16 07:15:46'),(466,3,'characters',NULL,NULL,'2021-05-16 07:15:46','2021-05-16 07:15:46'),(467,3,'settings',NULL,NULL,'2021-05-16 07:15:46','2021-05-16 07:15:46'),(468,3,'problem',NULL,NULL,'2021-05-16 07:15:46','2021-05-16 07:15:46'),(469,3,'solution',NULL,NULL,'2021-05-16 07:15:46','2021-05-16 07:15:46'),(470,3,'key-events',NULL,NULL,'2021-05-16 07:15:46','2021-05-16 07:15:46'),(471,3,'characters',NULL,NULL,'2021-05-16 07:15:46','2021-05-16 07:15:46'),(472,3,'settings',NULL,NULL,'2021-05-16 07:15:46','2021-05-16 07:15:46'),(473,3,'problem',NULL,NULL,'2021-05-16 07:15:46','2021-05-16 07:15:46'),(474,3,'solution',NULL,NULL,'2021-05-16 07:15:46','2021-05-16 07:15:46'),(475,3,'key-events',NULL,NULL,'2021-05-16 07:15:46','2021-05-16 07:15:46'),(476,3,'characters',NULL,NULL,'2021-05-16 07:15:46','2021-05-16 07:15:46'),(477,3,'settings',NULL,NULL,'2021-05-16 07:15:46','2021-05-16 07:15:46'),(478,3,'problem',NULL,NULL,'2021-05-16 07:15:46','2021-05-16 07:15:46'),(479,3,'solution',NULL,NULL,'2021-05-16 07:15:46','2021-05-16 07:15:46'),(480,3,'key-events',NULL,NULL,'2021-05-16 07:15:46','2021-05-16 07:15:46'),(481,3,'characters',NULL,NULL,'2021-05-16 07:15:47','2021-05-16 07:15:47'),(482,3,'settings',NULL,NULL,'2021-05-16 07:15:47','2021-05-16 07:15:47'),(483,3,'problem',NULL,NULL,'2021-05-16 07:15:47','2021-05-16 07:15:47'),(484,3,'solution',NULL,NULL,'2021-05-16 07:15:47','2021-05-16 07:15:47'),(485,3,'key-events',NULL,NULL,'2021-05-16 07:15:47','2021-05-16 07:15:47'),(486,3,'characters',NULL,NULL,'2021-05-16 07:15:47','2021-05-16 07:15:47'),(487,3,'settings',NULL,NULL,'2021-05-16 07:15:47','2021-05-16 07:15:47'),(488,3,'problem',NULL,NULL,'2021-05-16 07:15:47','2021-05-16 07:15:47'),(489,3,'solution',NULL,NULL,'2021-05-16 07:15:47','2021-05-16 07:15:47'),(490,3,'key-events',NULL,NULL,'2021-05-16 07:15:47','2021-05-16 07:15:47'),(491,3,'characters',NULL,NULL,'2021-05-16 07:15:48','2021-05-16 07:15:48'),(492,3,'settings',NULL,NULL,'2021-05-16 07:15:48','2021-05-16 07:15:48'),(493,3,'problem',NULL,NULL,'2021-05-16 07:15:48','2021-05-16 07:15:48'),(494,3,'solution',NULL,NULL,'2021-05-16 07:15:48','2021-05-16 07:15:48'),(495,3,'key-events',NULL,NULL,'2021-05-16 07:15:48','2021-05-16 07:15:48'),(496,3,'characters',NULL,NULL,'2021-05-16 07:15:48','2021-05-16 07:15:48'),(497,3,'settings',NULL,NULL,'2021-05-16 07:15:48','2021-05-16 07:15:48'),(498,3,'problem',NULL,NULL,'2021-05-16 07:15:48','2021-05-16 07:15:48'),(499,3,'solution',NULL,NULL,'2021-05-16 07:15:48','2021-05-16 07:15:48'),(500,3,'key-events',NULL,NULL,'2021-05-16 07:15:48','2021-05-16 07:15:48'),(501,3,'characters',NULL,NULL,'2021-05-16 07:15:48','2021-05-16 07:15:48'),(502,3,'settings',NULL,NULL,'2021-05-16 07:15:48','2021-05-16 07:15:48'),(503,3,'problem',NULL,NULL,'2021-05-16 07:15:48','2021-05-16 07:15:48'),(504,3,'solution',NULL,NULL,'2021-05-16 07:15:48','2021-05-16 07:15:48'),(505,3,'key-events',NULL,NULL,'2021-05-16 07:15:48','2021-05-16 07:15:48'),(506,3,'characters',NULL,NULL,'2021-05-16 07:15:48','2021-05-16 07:15:48'),(507,3,'settings',NULL,NULL,'2021-05-16 07:15:48','2021-05-16 07:15:48'),(508,3,'problem',NULL,NULL,'2021-05-16 07:15:48','2021-05-16 07:15:48'),(509,3,'solution',NULL,NULL,'2021-05-16 07:15:48','2021-05-16 07:15:48'),(510,3,'key-events',NULL,NULL,'2021-05-16 07:15:48','2021-05-16 07:15:48'),(511,3,'characters',NULL,NULL,'2021-05-16 07:15:48','2021-05-16 07:15:48'),(512,3,'settings',NULL,NULL,'2021-05-16 07:15:48','2021-05-16 07:15:48'),(513,3,'problem',NULL,NULL,'2021-05-16 07:15:48','2021-05-16 07:15:48'),(514,3,'solution',NULL,NULL,'2021-05-16 07:15:48','2021-05-16 07:15:48'),(515,3,'key-events',NULL,NULL,'2021-05-16 07:15:48','2021-05-16 07:15:48'),(516,3,'characters',NULL,NULL,'2021-05-16 07:15:49','2021-05-16 07:15:49'),(517,3,'settings',NULL,NULL,'2021-05-16 07:15:49','2021-05-16 07:15:49'),(518,3,'problem',NULL,NULL,'2021-05-16 07:15:49','2021-05-16 07:15:49'),(519,3,'solution',NULL,NULL,'2021-05-16 07:15:49','2021-05-16 07:15:49'),(520,3,'key-events',NULL,NULL,'2021-05-16 07:15:49','2021-05-16 07:15:49'),(521,3,'characters',NULL,NULL,'2021-05-16 07:15:49','2021-05-16 07:15:49'),(522,3,'settings',NULL,NULL,'2021-05-16 07:15:49','2021-05-16 07:15:49'),(523,3,'problem',NULL,NULL,'2021-05-16 07:15:49','2021-05-16 07:15:49'),(524,3,'solution',NULL,NULL,'2021-05-16 07:15:49','2021-05-16 07:15:49'),(525,3,'key-events',NULL,NULL,'2021-05-16 07:15:49','2021-05-16 07:15:49'),(526,3,'characters',NULL,NULL,'2021-05-16 07:15:49','2021-05-16 07:15:49'),(527,3,'settings',NULL,NULL,'2021-05-16 07:15:49','2021-05-16 07:15:49'),(528,3,'problem',NULL,NULL,'2021-05-16 07:15:49','2021-05-16 07:15:49'),(529,3,'solution',NULL,NULL,'2021-05-16 07:15:49','2021-05-16 07:15:49'),(530,3,'key-events',NULL,NULL,'2021-05-16 07:15:49','2021-05-16 07:15:49'),(531,3,'characters',NULL,NULL,'2021-05-16 07:15:49','2021-05-16 07:15:49'),(532,3,'settings',NULL,NULL,'2021-05-16 07:15:49','2021-05-16 07:15:49'),(533,3,'problem',NULL,NULL,'2021-05-16 07:15:49','2021-05-16 07:15:49'),(534,3,'solution',NULL,NULL,'2021-05-16 07:15:49','2021-05-16 07:15:49'),(535,3,'key-events',NULL,NULL,'2021-05-16 07:15:49','2021-05-16 07:15:49'),(536,3,'characters',NULL,NULL,'2021-05-16 07:15:49','2021-05-16 07:15:49'),(537,3,'settings',NULL,NULL,'2021-05-16 07:15:49','2021-05-16 07:15:49'),(538,3,'problem',NULL,NULL,'2021-05-16 07:15:49','2021-05-16 07:15:49'),(539,3,'solution',NULL,NULL,'2021-05-16 07:15:49','2021-05-16 07:15:49'),(540,3,'key-events',NULL,NULL,'2021-05-16 07:15:49','2021-05-16 07:15:49'),(541,3,'characters',NULL,NULL,'2021-05-16 07:15:50','2021-05-16 07:15:50'),(542,3,'settings',NULL,NULL,'2021-05-16 07:15:50','2021-05-16 07:15:50'),(543,3,'problem',NULL,NULL,'2021-05-16 07:15:50','2021-05-16 07:15:50'),(544,3,'solution',NULL,NULL,'2021-05-16 07:15:50','2021-05-16 07:15:50'),(545,3,'key-events',NULL,NULL,'2021-05-16 07:15:50','2021-05-16 07:15:50'),(546,7,'characters',NULL,NULL,'2021-05-31 19:11:55','2021-05-31 19:11:55'),(547,7,'settings',NULL,NULL,'2021-05-31 19:11:55','2021-05-31 19:11:55'),(548,7,'problem',NULL,NULL,'2021-05-31 19:11:55','2021-05-31 19:11:55'),(549,7,'solution',NULL,NULL,'2021-05-31 19:11:55','2021-05-31 19:11:55'),(550,7,'key-events',NULL,NULL,'2021-05-31 19:11:56','2021-05-31 19:11:56'),(551,3,'characters',NULL,NULL,'2021-06-20 23:56:53','2021-06-20 23:56:53'),(552,3,'settings',NULL,NULL,'2021-06-20 23:56:53','2021-06-20 23:56:53'),(553,3,'problem',NULL,NULL,'2021-06-20 23:56:53','2021-06-20 23:56:53'),(554,3,'solution',NULL,NULL,'2021-06-20 23:56:53','2021-06-20 23:56:53'),(555,3,'key-events',NULL,NULL,'2021-06-20 23:56:53','2021-06-20 23:56:53'),(556,3,'characters',NULL,NULL,'2021-06-20 23:56:53','2021-06-20 23:56:53'),(557,3,'settings',NULL,NULL,'2021-06-20 23:56:53','2021-06-20 23:56:53'),(558,3,'problem',NULL,NULL,'2021-06-20 23:56:53','2021-06-20 23:56:53'),(559,3,'solution',NULL,NULL,'2021-06-20 23:56:53','2021-06-20 23:56:53'),(560,3,'key-events',NULL,NULL,'2021-06-20 23:56:53','2021-06-20 23:56:53'),(561,3,'characters',NULL,NULL,'2021-06-20 23:56:53','2021-06-20 23:56:53'),(562,3,'settings',NULL,NULL,'2021-06-20 23:56:53','2021-06-20 23:56:53'),(563,3,'problem',NULL,NULL,'2021-06-20 23:56:53','2021-06-20 23:56:53'),(564,3,'solution',NULL,NULL,'2021-06-20 23:56:53','2021-06-20 23:56:53'),(565,3,'key-events',NULL,NULL,'2021-06-20 23:56:53','2021-06-20 23:56:53'),(566,3,'characters',NULL,NULL,'2021-06-20 23:56:53','2021-06-20 23:56:53'),(567,3,'settings',NULL,NULL,'2021-06-20 23:56:53','2021-06-20 23:56:53'),(568,3,'problem',NULL,NULL,'2021-06-20 23:56:53','2021-06-20 23:56:53'),(569,3,'solution',NULL,NULL,'2021-06-20 23:56:53','2021-06-20 23:56:53'),(570,3,'key-events',NULL,NULL,'2021-06-20 23:56:53','2021-06-20 23:56:53'),(571,3,'characters',NULL,NULL,'2021-06-20 23:56:53','2021-06-20 23:56:53'),(572,3,'settings',NULL,NULL,'2021-06-20 23:56:53','2021-06-20 23:56:53'),(573,3,'problem',NULL,NULL,'2021-06-20 23:56:53','2021-06-20 23:56:53'),(574,3,'solution',NULL,NULL,'2021-06-20 23:56:53','2021-06-20 23:56:53'),(575,3,'key-events',NULL,NULL,'2021-06-20 23:56:53','2021-06-20 23:56:53'),(576,3,'characters',NULL,NULL,'2021-06-20 23:56:54','2021-06-20 23:56:54'),(577,3,'settings',NULL,NULL,'2021-06-20 23:56:54','2021-06-20 23:56:54'),(578,3,'problem',NULL,NULL,'2021-06-20 23:56:54','2021-06-20 23:56:54'),(579,3,'solution',NULL,NULL,'2021-06-20 23:56:54','2021-06-20 23:56:54'),(580,3,'key-events',NULL,NULL,'2021-06-20 23:56:54','2021-06-20 23:56:54'),(581,3,'characters',NULL,NULL,'2021-06-20 23:56:54','2021-06-20 23:56:54'),(582,3,'settings',NULL,NULL,'2021-06-20 23:56:54','2021-06-20 23:56:54'),(583,3,'problem',NULL,NULL,'2021-06-20 23:56:54','2021-06-20 23:56:54'),(584,3,'solution',NULL,NULL,'2021-06-20 23:56:54','2021-06-20 23:56:54'),(585,3,'key-events',NULL,NULL,'2021-06-20 23:56:54','2021-06-20 23:56:54'),(586,3,'characters',NULL,NULL,'2021-06-20 23:56:54','2021-06-20 23:56:54'),(587,3,'settings',NULL,NULL,'2021-06-20 23:56:54','2021-06-20 23:56:54'),(588,3,'problem',NULL,NULL,'2021-06-20 23:56:54','2021-06-20 23:56:54'),(589,3,'solution',NULL,NULL,'2021-06-20 23:56:54','2021-06-20 23:56:54'),(590,3,'key-events',NULL,NULL,'2021-06-20 23:56:54','2021-06-20 23:56:54'),(591,3,'characters',NULL,NULL,'2021-06-20 23:56:54','2021-06-20 23:56:54'),(592,3,'settings',NULL,NULL,'2021-06-20 23:56:54','2021-06-20 23:56:54'),(593,3,'problem',NULL,NULL,'2021-06-20 23:56:54','2021-06-20 23:56:54'),(594,3,'solution',NULL,NULL,'2021-06-20 23:56:54','2021-06-20 23:56:54'),(595,3,'key-events',NULL,NULL,'2021-06-20 23:56:54','2021-06-20 23:56:54'),(596,3,'characters',NULL,NULL,'2021-06-20 23:57:07','2021-06-20 23:57:07'),(597,3,'settings',NULL,NULL,'2021-06-20 23:57:07','2021-06-20 23:57:07'),(598,3,'problem',NULL,NULL,'2021-06-20 23:57:07','2021-06-20 23:57:07'),(599,3,'solution',NULL,NULL,'2021-06-20 23:57:07','2021-06-20 23:57:07'),(600,3,'key-events',NULL,NULL,'2021-06-20 23:57:07','2021-06-20 23:57:07'),(601,3,'characters',NULL,NULL,'2021-06-20 23:57:07','2021-06-20 23:57:07'),(602,3,'settings',NULL,NULL,'2021-06-20 23:57:07','2021-06-20 23:57:07'),(603,3,'problem',NULL,NULL,'2021-06-20 23:57:07','2021-06-20 23:57:07'),(604,3,'solution',NULL,NULL,'2021-06-20 23:57:07','2021-06-20 23:57:07'),(605,3,'key-events',NULL,NULL,'2021-06-20 23:57:07','2021-06-20 23:57:07'),(606,3,'characters',NULL,NULL,'2021-06-20 23:57:08','2021-06-20 23:57:08'),(607,3,'settings',NULL,NULL,'2021-06-20 23:57:08','2021-06-20 23:57:08'),(608,3,'problem',NULL,NULL,'2021-06-20 23:57:08','2021-06-20 23:57:08'),(609,3,'solution',NULL,NULL,'2021-06-20 23:57:08','2021-06-20 23:57:08'),(610,3,'key-events',NULL,NULL,'2021-06-20 23:57:08','2021-06-20 23:57:08'),(611,3,'characters',NULL,NULL,'2021-06-20 23:57:08','2021-06-20 23:57:08'),(612,3,'settings',NULL,NULL,'2021-06-20 23:57:08','2021-06-20 23:57:08'),(613,3,'problem',NULL,NULL,'2021-06-20 23:57:08','2021-06-20 23:57:08'),(614,3,'solution',NULL,NULL,'2021-06-20 23:57:08','2021-06-20 23:57:08'),(615,3,'key-events',NULL,NULL,'2021-06-20 23:57:08','2021-06-20 23:57:08'),(616,3,'characters',NULL,NULL,'2021-06-20 23:57:08','2021-06-20 23:57:08'),(617,3,'settings',NULL,NULL,'2021-06-20 23:57:08','2021-06-20 23:57:08'),(618,3,'problem',NULL,NULL,'2021-06-20 23:57:08','2021-06-20 23:57:08'),(619,3,'solution',NULL,NULL,'2021-06-20 23:57:08','2021-06-20 23:57:08'),(620,3,'key-events',NULL,NULL,'2021-06-20 23:57:08','2021-06-20 23:57:08'),(621,3,'characters',NULL,NULL,'2021-06-20 23:57:08','2021-06-20 23:57:08'),(622,3,'settings',NULL,NULL,'2021-06-20 23:57:08','2021-06-20 23:57:08'),(623,3,'problem',NULL,NULL,'2021-06-20 23:57:08','2021-06-20 23:57:08'),(624,3,'solution',NULL,NULL,'2021-06-20 23:57:08','2021-06-20 23:57:08'),(625,3,'key-events',NULL,NULL,'2021-06-20 23:57:08','2021-06-20 23:57:08'),(626,3,'characters',NULL,NULL,'2021-06-20 23:57:08','2021-06-20 23:57:08'),(627,3,'settings',NULL,NULL,'2021-06-20 23:57:08','2021-06-20 23:57:08'),(628,3,'problem',NULL,NULL,'2021-06-20 23:57:08','2021-06-20 23:57:08'),(629,3,'solution',NULL,NULL,'2021-06-20 23:57:08','2021-06-20 23:57:08'),(630,3,'key-events',NULL,NULL,'2021-06-20 23:57:08','2021-06-20 23:57:08'),(631,3,'characters',NULL,NULL,'2021-06-20 23:57:08','2021-06-20 23:57:08'),(632,3,'settings',NULL,NULL,'2021-06-20 23:57:08','2021-06-20 23:57:08'),(633,3,'problem',NULL,NULL,'2021-06-20 23:57:08','2021-06-20 23:57:08'),(634,3,'solution',NULL,NULL,'2021-06-20 23:57:08','2021-06-20 23:57:08'),(635,3,'key-events',NULL,NULL,'2021-06-20 23:57:08','2021-06-20 23:57:08'),(636,3,'characters',NULL,NULL,'2021-06-20 23:57:08','2021-06-20 23:57:08'),(637,3,'settings',NULL,NULL,'2021-06-20 23:57:08','2021-06-20 23:57:08'),(638,3,'problem',NULL,NULL,'2021-06-20 23:57:08','2021-06-20 23:57:08'),(639,3,'solution',NULL,NULL,'2021-06-20 23:57:08','2021-06-20 23:57:08'),(640,3,'key-events',NULL,NULL,'2021-06-20 23:57:08','2021-06-20 23:57:08'),(641,3,'characters',NULL,NULL,'2021-06-20 23:57:09','2021-06-20 23:57:09'),(642,3,'settings',NULL,NULL,'2021-06-20 23:57:09','2021-06-20 23:57:09'),(643,3,'problem',NULL,NULL,'2021-06-20 23:57:09','2021-06-20 23:57:09'),(644,3,'solution',NULL,NULL,'2021-06-20 23:57:09','2021-06-20 23:57:09'),(645,3,'key-events',NULL,NULL,'2021-06-20 23:57:09','2021-06-20 23:57:09'),(646,3,'characters',NULL,NULL,'2021-06-20 23:57:09','2021-06-20 23:57:09'),(647,3,'settings',NULL,NULL,'2021-06-20 23:57:09','2021-06-20 23:57:09'),(648,3,'problem',NULL,NULL,'2021-06-20 23:57:09','2021-06-20 23:57:09'),(649,3,'solution',NULL,NULL,'2021-06-20 23:57:09','2021-06-20 23:57:09'),(650,3,'key-events',NULL,NULL,'2021-06-20 23:57:09','2021-06-20 23:57:09'),(651,3,'characters',NULL,NULL,'2021-06-20 23:57:09','2021-06-20 23:57:09'),(652,3,'settings',NULL,NULL,'2021-06-20 23:57:09','2021-06-20 23:57:09'),(653,3,'problem',NULL,NULL,'2021-06-20 23:57:09','2021-06-20 23:57:09'),(654,3,'solution',NULL,NULL,'2021-06-20 23:57:09','2021-06-20 23:57:09'),(655,3,'key-events',NULL,NULL,'2021-06-20 23:57:09','2021-06-20 23:57:09'),(656,3,'characters',NULL,NULL,'2021-06-20 23:57:09','2021-06-20 23:57:09'),(657,3,'settings',NULL,NULL,'2021-06-20 23:57:09','2021-06-20 23:57:09'),(658,3,'problem',NULL,NULL,'2021-06-20 23:57:09','2021-06-20 23:57:09'),(659,3,'solution',NULL,NULL,'2021-06-20 23:57:09','2021-06-20 23:57:09'),(660,3,'key-events',NULL,NULL,'2021-06-20 23:57:09','2021-06-20 23:57:09'),(661,3,'characters',NULL,NULL,'2021-06-20 23:57:09','2021-06-20 23:57:09'),(662,3,'settings',NULL,NULL,'2021-06-20 23:57:09','2021-06-20 23:57:09'),(663,3,'problem',NULL,NULL,'2021-06-20 23:57:09','2021-06-20 23:57:09'),(664,3,'solution',NULL,NULL,'2021-06-20 23:57:09','2021-06-20 23:57:09'),(665,3,'key-events',NULL,NULL,'2021-06-20 23:57:09','2021-06-20 23:57:09'),(666,3,'characters',NULL,NULL,'2021-06-20 23:57:09','2021-06-20 23:57:09'),(667,3,'settings',NULL,NULL,'2021-06-20 23:57:09','2021-06-20 23:57:09'),(668,3,'problem',NULL,NULL,'2021-06-20 23:57:09','2021-06-20 23:57:09'),(669,3,'solution',NULL,NULL,'2021-06-20 23:57:09','2021-06-20 23:57:09'),(670,3,'key-events',NULL,NULL,'2021-06-20 23:57:09','2021-06-20 23:57:09'),(671,3,'characters',NULL,NULL,'2021-06-20 23:57:09','2021-06-20 23:57:09'),(672,3,'settings',NULL,NULL,'2021-06-20 23:57:09','2021-06-20 23:57:09'),(673,3,'problem',NULL,NULL,'2021-06-20 23:57:09','2021-06-20 23:57:09'),(674,3,'solution',NULL,NULL,'2021-06-20 23:57:09','2021-06-20 23:57:09'),(675,3,'key-events',NULL,NULL,'2021-06-20 23:57:09','2021-06-20 23:57:09'),(676,3,'characters',NULL,NULL,'2021-06-20 23:57:10','2021-06-20 23:57:10'),(677,3,'settings',NULL,NULL,'2021-06-20 23:57:10','2021-06-20 23:57:10'),(678,3,'problem',NULL,NULL,'2021-06-20 23:57:10','2021-06-20 23:57:10'),(679,3,'solution',NULL,NULL,'2021-06-20 23:57:10','2021-06-20 23:57:10'),(680,3,'key-events',NULL,NULL,'2021-06-20 23:57:10','2021-06-20 23:57:10'),(681,3,'characters',NULL,NULL,'2021-06-20 23:57:10','2021-06-20 23:57:10'),(682,3,'settings',NULL,NULL,'2021-06-20 23:57:10','2021-06-20 23:57:10'),(683,3,'problem',NULL,NULL,'2021-06-20 23:57:10','2021-06-20 23:57:10'),(684,3,'solution',NULL,NULL,'2021-06-20 23:57:10','2021-06-20 23:57:10'),(685,3,'key-events',NULL,NULL,'2021-06-20 23:57:10','2021-06-20 23:57:10'),(686,3,'characters',NULL,NULL,'2021-06-20 23:57:10','2021-06-20 23:57:10'),(687,3,'settings',NULL,NULL,'2021-06-20 23:57:10','2021-06-20 23:57:10'),(688,3,'problem',NULL,NULL,'2021-06-20 23:57:10','2021-06-20 23:57:10'),(689,3,'solution',NULL,NULL,'2021-06-20 23:57:10','2021-06-20 23:57:10'),(690,3,'key-events',NULL,NULL,'2021-06-20 23:57:10','2021-06-20 23:57:10'),(691,3,'characters',NULL,NULL,'2021-06-20 23:57:10','2021-06-20 23:57:10'),(692,3,'settings',NULL,NULL,'2021-06-20 23:57:10','2021-06-20 23:57:10'),(693,3,'problem',NULL,NULL,'2021-06-20 23:57:10','2021-06-20 23:57:10'),(694,3,'solution',NULL,NULL,'2021-06-20 23:57:10','2021-06-20 23:57:10'),(695,3,'key-events',NULL,NULL,'2021-06-20 23:57:10','2021-06-20 23:57:10'),(696,3,'characters',NULL,NULL,'2021-06-20 23:57:10','2021-06-20 23:57:10'),(697,3,'settings',NULL,NULL,'2021-06-20 23:57:10','2021-06-20 23:57:10'),(698,3,'problem',NULL,NULL,'2021-06-20 23:57:10','2021-06-20 23:57:10'),(699,3,'solution',NULL,NULL,'2021-06-20 23:57:10','2021-06-20 23:57:10'),(700,3,'key-events',NULL,NULL,'2021-06-20 23:57:10','2021-06-20 23:57:10'),(701,3,'characters',NULL,NULL,'2021-06-20 23:57:10','2021-06-20 23:57:10'),(702,3,'settings',NULL,NULL,'2021-06-20 23:57:10','2021-06-20 23:57:10'),(703,3,'problem',NULL,NULL,'2021-06-20 23:57:10','2021-06-20 23:57:10'),(704,3,'solution',NULL,NULL,'2021-06-20 23:57:10','2021-06-20 23:57:10'),(705,3,'key-events',NULL,NULL,'2021-06-20 23:57:10','2021-06-20 23:57:10'),(706,3,'characters',NULL,NULL,'2021-06-20 23:57:10','2021-06-20 23:57:10'),(707,3,'settings',NULL,NULL,'2021-06-20 23:57:11','2021-06-20 23:57:11'),(708,3,'problem',NULL,NULL,'2021-06-20 23:57:11','2021-06-20 23:57:11'),(709,3,'solution',NULL,NULL,'2021-06-20 23:57:11','2021-06-20 23:57:11'),(710,3,'key-events',NULL,NULL,'2021-06-20 23:57:11','2021-06-20 23:57:11'),(711,3,'characters',NULL,NULL,'2021-06-20 23:57:11','2021-06-20 23:57:11'),(712,3,'settings',NULL,NULL,'2021-06-20 23:57:11','2021-06-20 23:57:11'),(713,3,'problem',NULL,NULL,'2021-06-20 23:57:11','2021-06-20 23:57:11'),(714,3,'solution',NULL,NULL,'2021-06-20 23:57:11','2021-06-20 23:57:11'),(715,3,'key-events',NULL,NULL,'2021-06-20 23:57:11','2021-06-20 23:57:11'),(716,3,'characters',NULL,NULL,'2021-06-20 23:57:11','2021-06-20 23:57:11'),(717,3,'settings',NULL,NULL,'2021-06-20 23:57:11','2021-06-20 23:57:11'),(718,3,'problem',NULL,NULL,'2021-06-20 23:57:11','2021-06-20 23:57:11'),(719,3,'solution',NULL,NULL,'2021-06-20 23:57:11','2021-06-20 23:57:11'),(720,3,'key-events',NULL,NULL,'2021-06-20 23:57:11','2021-06-20 23:57:11'),(721,3,'characters',NULL,NULL,'2021-06-20 23:57:12','2021-06-20 23:57:12'),(722,3,'settings',NULL,NULL,'2021-06-20 23:57:12','2021-06-20 23:57:12'),(723,3,'problem',NULL,NULL,'2021-06-20 23:57:12','2021-06-20 23:57:12'),(724,3,'solution',NULL,NULL,'2021-06-20 23:57:12','2021-06-20 23:57:12'),(725,3,'key-events',NULL,NULL,'2021-06-20 23:57:12','2021-06-20 23:57:12'),(726,3,'characters',NULL,NULL,'2021-06-20 23:57:12','2021-06-20 23:57:12'),(727,3,'settings',NULL,NULL,'2021-06-20 23:57:12','2021-06-20 23:57:12'),(728,3,'problem',NULL,NULL,'2021-06-20 23:57:12','2021-06-20 23:57:12'),(729,3,'solution',NULL,NULL,'2021-06-20 23:57:12','2021-06-20 23:57:12'),(730,3,'key-events',NULL,NULL,'2021-06-20 23:57:12','2021-06-20 23:57:12'),(731,3,'characters',NULL,NULL,'2021-06-20 23:57:12','2021-06-20 23:57:12'),(732,3,'settings',NULL,NULL,'2021-06-20 23:57:12','2021-06-20 23:57:12'),(733,3,'problem',NULL,NULL,'2021-06-20 23:57:12','2021-06-20 23:57:12'),(734,3,'solution',NULL,NULL,'2021-06-20 23:57:12','2021-06-20 23:57:12'),(735,3,'key-events',NULL,NULL,'2021-06-20 23:57:12','2021-06-20 23:57:12'),(736,3,'characters',NULL,NULL,'2021-06-20 23:57:13','2021-06-20 23:57:13'),(737,3,'settings',NULL,NULL,'2021-06-20 23:57:13','2021-06-20 23:57:13'),(738,3,'problem',NULL,NULL,'2021-06-20 23:57:13','2021-06-20 23:57:13'),(739,3,'solution',NULL,NULL,'2021-06-20 23:57:13','2021-06-20 23:57:13'),(740,3,'key-events',NULL,NULL,'2021-06-20 23:57:13','2021-06-20 23:57:13'),(741,3,'characters',NULL,NULL,'2021-06-20 23:57:13','2021-06-20 23:57:13'),(742,3,'settings',NULL,NULL,'2021-06-20 23:57:13','2021-06-20 23:57:13'),(743,3,'problem',NULL,NULL,'2021-06-20 23:57:13','2021-06-20 23:57:13'),(744,3,'solution',NULL,NULL,'2021-06-20 23:57:13','2021-06-20 23:57:13'),(745,3,'key-events',NULL,NULL,'2021-06-20 23:57:13','2021-06-20 23:57:13'),(746,3,'characters',NULL,NULL,'2021-06-20 23:57:13','2021-06-20 23:57:13'),(747,3,'settings',NULL,NULL,'2021-06-20 23:57:13','2021-06-20 23:57:13'),(748,3,'problem',NULL,NULL,'2021-06-20 23:57:13','2021-06-20 23:57:13'),(749,3,'solution',NULL,NULL,'2021-06-20 23:57:13','2021-06-20 23:57:13'),(750,3,'key-events',NULL,NULL,'2021-06-20 23:57:13','2021-06-20 23:57:13'),(751,3,'characters',NULL,NULL,'2021-06-20 23:57:14','2021-06-20 23:57:14'),(752,3,'settings',NULL,NULL,'2021-06-20 23:57:14','2021-06-20 23:57:14'),(753,3,'problem',NULL,NULL,'2021-06-20 23:57:14','2021-06-20 23:57:14'),(754,3,'solution',NULL,NULL,'2021-06-20 23:57:14','2021-06-20 23:57:14'),(755,3,'key-events',NULL,NULL,'2021-06-20 23:57:14','2021-06-20 23:57:14'),(756,3,'characters',NULL,NULL,'2021-06-20 23:57:14','2021-06-20 23:57:14'),(757,3,'settings',NULL,NULL,'2021-06-20 23:57:14','2021-06-20 23:57:14'),(758,3,'problem',NULL,NULL,'2021-06-20 23:57:14','2021-06-20 23:57:14'),(759,3,'solution',NULL,NULL,'2021-06-20 23:57:14','2021-06-20 23:57:14'),(760,3,'key-events',NULL,NULL,'2021-06-20 23:57:14','2021-06-20 23:57:14'),(761,3,'characters',NULL,NULL,'2021-06-20 23:57:14','2021-06-20 23:57:14'),(762,3,'settings',NULL,NULL,'2021-06-20 23:57:14','2021-06-20 23:57:14'),(763,3,'problem',NULL,NULL,'2021-06-20 23:57:14','2021-06-20 23:57:14'),(764,3,'solution',NULL,NULL,'2021-06-20 23:57:14','2021-06-20 23:57:14'),(765,3,'key-events',NULL,NULL,'2021-06-20 23:57:14','2021-06-20 23:57:14'),(766,3,'characters',NULL,NULL,'2021-06-20 23:57:14','2021-06-20 23:57:14'),(767,3,'settings',NULL,NULL,'2021-06-20 23:57:14','2021-06-20 23:57:14'),(768,3,'problem',NULL,NULL,'2021-06-20 23:57:14','2021-06-20 23:57:14'),(769,3,'solution',NULL,NULL,'2021-06-20 23:57:14','2021-06-20 23:57:14'),(770,3,'key-events',NULL,NULL,'2021-06-20 23:57:14','2021-06-20 23:57:14'),(771,3,'characters',NULL,NULL,'2021-06-20 23:57:15','2021-06-20 23:57:15'),(772,3,'settings',NULL,NULL,'2021-06-20 23:57:15','2021-06-20 23:57:15'),(773,3,'problem',NULL,NULL,'2021-06-20 23:57:15','2021-06-20 23:57:15'),(774,3,'solution',NULL,NULL,'2021-06-20 23:57:15','2021-06-20 23:57:15'),(775,3,'key-events',NULL,NULL,'2021-06-20 23:57:15','2021-06-20 23:57:15'),(776,3,'characters',NULL,NULL,'2021-06-20 23:57:15','2021-06-20 23:57:15'),(777,3,'settings',NULL,NULL,'2021-06-20 23:57:15','2021-06-20 23:57:15'),(778,3,'problem',NULL,NULL,'2021-06-20 23:57:15','2021-06-20 23:57:15'),(779,3,'solution',NULL,NULL,'2021-06-20 23:57:15','2021-06-20 23:57:15'),(780,3,'key-events',NULL,NULL,'2021-06-20 23:57:15','2021-06-20 23:57:15'),(781,3,'characters',NULL,NULL,'2021-06-20 23:57:15','2021-06-20 23:57:15'),(782,3,'settings',NULL,NULL,'2021-06-20 23:57:15','2021-06-20 23:57:15'),(783,3,'problem',NULL,NULL,'2021-06-20 23:57:15','2021-06-20 23:57:15'),(784,3,'solution',NULL,NULL,'2021-06-20 23:57:15','2021-06-20 23:57:15'),(785,3,'key-events',NULL,NULL,'2021-06-20 23:57:15','2021-06-20 23:57:15'),(786,3,'characters',NULL,NULL,'2021-06-20 23:57:15','2021-06-20 23:57:15'),(787,3,'settings',NULL,NULL,'2021-06-20 23:57:15','2021-06-20 23:57:15'),(788,3,'problem',NULL,NULL,'2021-06-20 23:57:15','2021-06-20 23:57:15'),(789,3,'solution',NULL,NULL,'2021-06-20 23:57:15','2021-06-20 23:57:15'),(790,3,'key-events',NULL,NULL,'2021-06-20 23:57:15','2021-06-20 23:57:15'),(791,8,'characters',NULL,NULL,'2021-06-23 03:15:17','2021-06-23 03:15:17'),(792,8,'settings',NULL,NULL,'2021-06-23 03:15:17','2021-06-23 03:15:17'),(793,8,'problem',NULL,NULL,'2021-06-23 03:15:17','2021-06-23 03:15:17'),(794,8,'solution',NULL,NULL,'2021-06-23 03:15:17','2021-06-23 03:15:17'),(795,8,'key-events',NULL,NULL,'2021-06-23 03:15:17','2021-06-23 03:15:17'),(796,9,'characters',NULL,NULL,'2021-06-23 04:34:04','2021-06-23 04:34:04'),(797,9,'settings',NULL,NULL,'2021-06-23 04:34:04','2021-06-23 04:34:04'),(798,9,'problem',NULL,NULL,'2021-06-23 04:34:04','2021-06-23 04:34:04'),(799,9,'solution',NULL,NULL,'2021-06-23 04:34:04','2021-06-23 04:34:04'),(800,9,'key-events',NULL,NULL,'2021-06-23 04:34:04','2021-06-23 04:34:04'),(801,10,'characters',NULL,NULL,'2021-07-13 09:12:09','2021-07-13 09:12:09'),(802,10,'settings',NULL,NULL,'2021-07-13 09:12:09','2021-07-13 09:12:09'),(803,10,'problem',NULL,NULL,'2021-07-13 09:12:09','2021-07-13 09:12:09'),(804,10,'solution',NULL,NULL,'2021-07-13 09:12:09','2021-07-13 09:12:09'),(805,10,'key-events',NULL,NULL,'2021-07-13 09:12:09','2021-07-13 09:12:09'),(806,10,'characters',NULL,NULL,'2021-07-13 09:12:26','2021-07-13 09:12:26'),(807,10,'settings',NULL,NULL,'2021-07-13 09:12:26','2021-07-13 09:12:26'),(808,10,'problem',NULL,NULL,'2021-07-13 09:12:26','2021-07-13 09:12:26'),(809,10,'solution',NULL,NULL,'2021-07-13 09:12:26','2021-07-13 09:12:26'),(810,10,'key-events',NULL,NULL,'2021-07-13 09:12:26','2021-07-13 09:12:26'),(811,10,'characters',NULL,NULL,'2021-07-13 09:12:27','2021-07-13 09:12:27'),(812,10,'settings',NULL,NULL,'2021-07-13 09:12:27','2021-07-13 09:12:27'),(813,10,'problem',NULL,NULL,'2021-07-13 09:12:27','2021-07-13 09:12:27'),(814,10,'solution',NULL,NULL,'2021-07-13 09:12:27','2021-07-13 09:12:27'),(815,10,'key-events',NULL,NULL,'2021-07-13 09:12:27','2021-07-13 09:12:27'),(816,10,'characters',NULL,NULL,'2021-07-13 09:12:32','2021-07-13 09:12:32'),(817,10,'settings',NULL,NULL,'2021-07-13 09:12:32','2021-07-13 09:12:32'),(818,10,'problem',NULL,NULL,'2021-07-13 09:12:32','2021-07-13 09:12:32'),(819,10,'solution',NULL,NULL,'2021-07-13 09:12:32','2021-07-13 09:12:32'),(820,10,'key-events',NULL,NULL,'2021-07-13 09:12:32','2021-07-13 09:12:32'),(821,10,'characters',NULL,NULL,'2021-07-13 09:12:33','2021-07-13 09:12:33'),(822,10,'settings',NULL,NULL,'2021-07-13 09:12:33','2021-07-13 09:12:33'),(823,10,'problem',NULL,NULL,'2021-07-13 09:12:33','2021-07-13 09:12:33'),(824,10,'solution',NULL,NULL,'2021-07-13 09:12:33','2021-07-13 09:12:33'),(825,10,'key-events',NULL,NULL,'2021-07-13 09:12:33','2021-07-13 09:12:33'),(826,10,'characters',NULL,NULL,'2021-07-13 09:12:39','2021-07-13 09:12:39'),(827,10,'settings',NULL,NULL,'2021-07-13 09:12:39','2021-07-13 09:12:39'),(828,10,'problem',NULL,NULL,'2021-07-13 09:12:39','2021-07-13 09:12:39'),(829,10,'solution',NULL,NULL,'2021-07-13 09:12:39','2021-07-13 09:12:39'),(830,10,'key-events',NULL,NULL,'2021-07-13 09:12:39','2021-07-13 09:12:39'),(831,10,'characters',NULL,NULL,'2021-07-13 09:12:39','2021-07-13 09:12:39'),(832,10,'settings',NULL,NULL,'2021-07-13 09:12:39','2021-07-13 09:12:39'),(833,10,'problem',NULL,NULL,'2021-07-13 09:12:39','2021-07-13 09:12:39'),(834,10,'solution',NULL,NULL,'2021-07-13 09:12:39','2021-07-13 09:12:39'),(835,10,'key-events',NULL,NULL,'2021-07-13 09:12:39','2021-07-13 09:12:39'),(836,10,'characters',NULL,NULL,'2021-07-13 09:12:40','2021-07-13 09:12:40'),(837,10,'settings',NULL,NULL,'2021-07-13 09:12:40','2021-07-13 09:12:40'),(838,10,'problem',NULL,NULL,'2021-07-13 09:12:40','2021-07-13 09:12:40'),(839,10,'solution',NULL,NULL,'2021-07-13 09:12:40','2021-07-13 09:12:40'),(840,10,'key-events',NULL,NULL,'2021-07-13 09:12:40','2021-07-13 09:12:40'),(841,10,'characters',NULL,NULL,'2021-07-13 09:12:40','2021-07-13 09:12:40'),(842,10,'settings',NULL,NULL,'2021-07-13 09:12:40','2021-07-13 09:12:40'),(843,10,'problem',NULL,NULL,'2021-07-13 09:12:40','2021-07-13 09:12:40'),(844,10,'solution',NULL,NULL,'2021-07-13 09:12:40','2021-07-13 09:12:40'),(845,10,'key-events',NULL,NULL,'2021-07-13 09:12:40','2021-07-13 09:12:40'),(846,10,'characters',NULL,NULL,'2021-07-13 09:12:40','2021-07-13 09:12:40'),(847,10,'settings',NULL,NULL,'2021-07-13 09:12:40','2021-07-13 09:12:40'),(848,10,'problem',NULL,NULL,'2021-07-13 09:12:40','2021-07-13 09:12:40'),(849,10,'solution',NULL,NULL,'2021-07-13 09:12:40','2021-07-13 09:12:40'),(850,10,'key-events',NULL,NULL,'2021-07-13 09:12:40','2021-07-13 09:12:40'),(851,10,'characters',NULL,NULL,'2021-07-13 09:12:40','2021-07-13 09:12:40'),(852,10,'settings',NULL,NULL,'2021-07-13 09:12:40','2021-07-13 09:12:40'),(853,10,'problem',NULL,NULL,'2021-07-13 09:12:40','2021-07-13 09:12:40'),(854,10,'solution',NULL,NULL,'2021-07-13 09:12:41','2021-07-13 09:12:41'),(855,10,'key-events',NULL,NULL,'2021-07-13 09:12:41','2021-07-13 09:12:41'),(856,10,'characters',NULL,NULL,'2021-07-13 09:12:41','2021-07-13 09:12:41'),(857,10,'settings',NULL,NULL,'2021-07-13 09:12:41','2021-07-13 09:12:41'),(858,10,'problem',NULL,NULL,'2021-07-13 09:12:41','2021-07-13 09:12:41'),(859,10,'solution',NULL,NULL,'2021-07-13 09:12:41','2021-07-13 09:12:41'),(860,10,'key-events',NULL,NULL,'2021-07-13 09:12:41','2021-07-13 09:12:41'),(861,10,'characters',NULL,NULL,'2021-07-13 09:12:41','2021-07-13 09:12:41'),(862,10,'settings',NULL,NULL,'2021-07-13 09:12:41','2021-07-13 09:12:41'),(863,10,'problem',NULL,NULL,'2021-07-13 09:12:41','2021-07-13 09:12:41'),(864,10,'solution',NULL,NULL,'2021-07-13 09:12:41','2021-07-13 09:12:41'),(865,10,'key-events',NULL,NULL,'2021-07-13 09:12:41','2021-07-13 09:12:41'),(866,10,'characters',NULL,NULL,'2021-07-13 09:12:41','2021-07-13 09:12:41'),(867,10,'settings',NULL,NULL,'2021-07-13 09:12:41','2021-07-13 09:12:41'),(868,10,'problem',NULL,NULL,'2021-07-13 09:12:41','2021-07-13 09:12:41'),(869,10,'solution',NULL,NULL,'2021-07-13 09:12:41','2021-07-13 09:12:41'),(870,10,'key-events',NULL,NULL,'2021-07-13 09:12:41','2021-07-13 09:12:41'),(871,10,'characters',NULL,NULL,'2021-07-13 09:12:56','2021-07-13 09:12:56'),(872,10,'settings',NULL,NULL,'2021-07-13 09:12:56','2021-07-13 09:12:56'),(873,10,'problem',NULL,NULL,'2021-07-13 09:12:56','2021-07-13 09:12:56'),(874,10,'solution',NULL,NULL,'2021-07-13 09:12:56','2021-07-13 09:12:56'),(875,10,'key-events',NULL,NULL,'2021-07-13 09:12:56','2021-07-13 09:12:56'),(876,10,'characters',NULL,NULL,'2021-07-13 09:12:58','2021-07-13 09:12:58'),(877,10,'settings',NULL,NULL,'2021-07-13 09:12:58','2021-07-13 09:12:58'),(878,10,'problem',NULL,NULL,'2021-07-13 09:12:58','2021-07-13 09:12:58'),(879,10,'solution',NULL,NULL,'2021-07-13 09:12:58','2021-07-13 09:12:58'),(880,10,'key-events',NULL,NULL,'2021-07-13 09:12:58','2021-07-13 09:12:58'),(881,10,'characters',NULL,NULL,'2021-07-13 09:12:58','2021-07-13 09:12:58'),(882,10,'settings',NULL,NULL,'2021-07-13 09:12:58','2021-07-13 09:12:58'),(883,10,'problem',NULL,NULL,'2021-07-13 09:12:58','2021-07-13 09:12:58'),(884,10,'solution',NULL,NULL,'2021-07-13 09:12:58','2021-07-13 09:12:58'),(885,10,'key-events',NULL,NULL,'2021-07-13 09:12:58','2021-07-13 09:12:58'),(886,10,'characters',NULL,NULL,'2021-07-13 09:12:58','2021-07-13 09:12:58'),(887,10,'settings',NULL,NULL,'2021-07-13 09:12:58','2021-07-13 09:12:58'),(888,10,'problem',NULL,NULL,'2021-07-13 09:12:58','2021-07-13 09:12:58'),(889,10,'solution',NULL,NULL,'2021-07-13 09:12:58','2021-07-13 09:12:58'),(890,10,'key-events',NULL,NULL,'2021-07-13 09:12:58','2021-07-13 09:12:58'),(891,10,'characters',NULL,NULL,'2021-07-13 09:12:59','2021-07-13 09:12:59'),(892,10,'settings',NULL,NULL,'2021-07-13 09:12:59','2021-07-13 09:12:59'),(893,10,'problem',NULL,NULL,'2021-07-13 09:12:59','2021-07-13 09:12:59'),(894,10,'solution',NULL,NULL,'2021-07-13 09:12:59','2021-07-13 09:12:59'),(895,10,'key-events',NULL,NULL,'2021-07-13 09:12:59','2021-07-13 09:12:59'),(896,10,'characters',NULL,NULL,'2021-07-13 09:12:59','2021-07-13 09:12:59'),(897,10,'settings',NULL,NULL,'2021-07-13 09:12:59','2021-07-13 09:12:59'),(898,10,'problem',NULL,NULL,'2021-07-13 09:12:59','2021-07-13 09:12:59'),(899,10,'solution',NULL,NULL,'2021-07-13 09:12:59','2021-07-13 09:12:59'),(900,10,'key-events',NULL,NULL,'2021-07-13 09:12:59','2021-07-13 09:12:59'),(901,10,'characters',NULL,NULL,'2021-07-13 09:12:59','2021-07-13 09:12:59'),(902,10,'settings',NULL,NULL,'2021-07-13 09:12:59','2021-07-13 09:12:59'),(903,10,'problem',NULL,NULL,'2021-07-13 09:12:59','2021-07-13 09:12:59'),(904,10,'solution',NULL,NULL,'2021-07-13 09:12:59','2021-07-13 09:12:59'),(905,10,'key-events',NULL,NULL,'2021-07-13 09:12:59','2021-07-13 09:12:59'),(906,10,'characters',NULL,NULL,'2021-07-13 09:13:00','2021-07-13 09:13:00'),(907,10,'settings',NULL,NULL,'2021-07-13 09:13:00','2021-07-13 09:13:00'),(908,10,'problem',NULL,NULL,'2021-07-13 09:13:00','2021-07-13 09:13:00'),(909,10,'solution',NULL,NULL,'2021-07-13 09:13:00','2021-07-13 09:13:00'),(910,10,'key-events',NULL,NULL,'2021-07-13 09:13:00','2021-07-13 09:13:00'),(911,10,'characters',NULL,NULL,'2021-07-13 09:13:00','2021-07-13 09:13:00'),(912,10,'settings',NULL,NULL,'2021-07-13 09:13:00','2021-07-13 09:13:00'),(913,10,'problem',NULL,NULL,'2021-07-13 09:13:00','2021-07-13 09:13:00'),(914,10,'solution',NULL,NULL,'2021-07-13 09:13:00','2021-07-13 09:13:00'),(915,10,'key-events',NULL,NULL,'2021-07-13 09:13:00','2021-07-13 09:13:00'),(916,10,'characters',NULL,NULL,'2021-07-13 09:13:00','2021-07-13 09:13:00'),(917,10,'settings',NULL,NULL,'2021-07-13 09:13:00','2021-07-13 09:13:00'),(918,10,'problem',NULL,NULL,'2021-07-13 09:13:00','2021-07-13 09:13:00'),(919,10,'solution',NULL,NULL,'2021-07-13 09:13:00','2021-07-13 09:13:00'),(920,10,'key-events',NULL,NULL,'2021-07-13 09:13:00','2021-07-13 09:13:00'),(921,10,'characters',NULL,NULL,'2021-07-13 09:13:00','2021-07-13 09:13:00'),(922,10,'settings',NULL,NULL,'2021-07-13 09:13:00','2021-07-13 09:13:00'),(923,10,'problem',NULL,NULL,'2021-07-13 09:13:00','2021-07-13 09:13:00'),(924,10,'solution',NULL,NULL,'2021-07-13 09:13:00','2021-07-13 09:13:00'),(925,10,'key-events',NULL,NULL,'2021-07-13 09:13:00','2021-07-13 09:13:00'),(926,10,'characters',NULL,NULL,'2021-07-13 09:13:00','2021-07-13 09:13:00'),(927,10,'settings',NULL,NULL,'2021-07-13 09:13:00','2021-07-13 09:13:00'),(928,10,'problem',NULL,NULL,'2021-07-13 09:13:00','2021-07-13 09:13:00'),(929,10,'solution',NULL,NULL,'2021-07-13 09:13:00','2021-07-13 09:13:00'),(930,10,'key-events',NULL,NULL,'2021-07-13 09:13:00','2021-07-13 09:13:00'),(931,10,'characters',NULL,NULL,'2021-07-13 09:13:01','2021-07-13 09:13:01'),(932,10,'settings',NULL,NULL,'2021-07-13 09:13:01','2021-07-13 09:13:01'),(933,10,'problem',NULL,NULL,'2021-07-13 09:13:01','2021-07-13 09:13:01'),(934,10,'solution',NULL,NULL,'2021-07-13 09:13:01','2021-07-13 09:13:01'),(935,10,'key-events',NULL,NULL,'2021-07-13 09:13:01','2021-07-13 09:13:01'),(936,10,'characters',NULL,NULL,'2021-07-13 09:13:04','2021-07-13 09:13:04'),(937,10,'settings',NULL,NULL,'2021-07-13 09:13:04','2021-07-13 09:13:04'),(938,10,'problem',NULL,NULL,'2021-07-13 09:13:04','2021-07-13 09:13:04'),(939,10,'solution',NULL,NULL,'2021-07-13 09:13:04','2021-07-13 09:13:04'),(940,10,'key-events',NULL,NULL,'2021-07-13 09:13:04','2021-07-13 09:13:04'),(941,10,'characters',NULL,NULL,'2021-07-13 09:13:05','2021-07-13 09:13:05'),(942,10,'settings',NULL,NULL,'2021-07-13 09:13:05','2021-07-13 09:13:05'),(943,10,'problem',NULL,NULL,'2021-07-13 09:13:05','2021-07-13 09:13:05'),(944,10,'solution',NULL,NULL,'2021-07-13 09:13:05','2021-07-13 09:13:05'),(945,10,'key-events',NULL,NULL,'2021-07-13 09:13:05','2021-07-13 09:13:05'),(946,10,'characters',NULL,NULL,'2021-07-13 09:13:05','2021-07-13 09:13:05'),(947,10,'settings',NULL,NULL,'2021-07-13 09:13:05','2021-07-13 09:13:05'),(948,10,'problem',NULL,NULL,'2021-07-13 09:13:05','2021-07-13 09:13:05'),(949,10,'solution',NULL,NULL,'2021-07-13 09:13:05','2021-07-13 09:13:05'),(950,10,'key-events',NULL,NULL,'2021-07-13 09:13:05','2021-07-13 09:13:05'),(951,10,'characters',NULL,NULL,'2021-07-13 09:13:05','2021-07-13 09:13:05'),(952,10,'settings',NULL,NULL,'2021-07-13 09:13:05','2021-07-13 09:13:05'),(953,10,'problem',NULL,NULL,'2021-07-13 09:13:05','2021-07-13 09:13:05'),(954,10,'solution',NULL,NULL,'2021-07-13 09:13:05','2021-07-13 09:13:05'),(955,10,'key-events',NULL,NULL,'2021-07-13 09:13:06','2021-07-13 09:13:06'),(956,10,'characters',NULL,NULL,'2021-07-13 09:13:06','2021-07-13 09:13:06'),(957,10,'settings',NULL,NULL,'2021-07-13 09:13:06','2021-07-13 09:13:06'),(958,10,'problem',NULL,NULL,'2021-07-13 09:13:06','2021-07-13 09:13:06'),(959,10,'solution',NULL,NULL,'2021-07-13 09:13:06','2021-07-13 09:13:06'),(960,10,'key-events',NULL,NULL,'2021-07-13 09:13:06','2021-07-13 09:13:06'),(961,10,'characters',NULL,NULL,'2021-07-13 09:13:06','2021-07-13 09:13:06'),(962,10,'settings',NULL,NULL,'2021-07-13 09:13:06','2021-07-13 09:13:06'),(963,10,'problem',NULL,NULL,'2021-07-13 09:13:06','2021-07-13 09:13:06'),(964,10,'solution',NULL,NULL,'2021-07-13 09:13:06','2021-07-13 09:13:06'),(965,10,'key-events',NULL,NULL,'2021-07-13 09:13:06','2021-07-13 09:13:06'),(966,10,'characters',NULL,NULL,'2021-07-13 09:13:06','2021-07-13 09:13:06'),(967,10,'settings',NULL,NULL,'2021-07-13 09:13:06','2021-07-13 09:13:06'),(968,10,'problem',NULL,NULL,'2021-07-13 09:13:06','2021-07-13 09:13:06'),(969,10,'solution',NULL,NULL,'2021-07-13 09:13:06','2021-07-13 09:13:06'),(970,10,'key-events',NULL,NULL,'2021-07-13 09:13:06','2021-07-13 09:13:06'),(971,10,'characters',NULL,NULL,'2021-07-13 09:13:07','2021-07-13 09:13:07'),(972,10,'settings',NULL,NULL,'2021-07-13 09:13:07','2021-07-13 09:13:07'),(973,10,'problem',NULL,NULL,'2021-07-13 09:13:07','2021-07-13 09:13:07'),(974,10,'solution',NULL,NULL,'2021-07-13 09:13:07','2021-07-13 09:13:07'),(975,10,'key-events',NULL,NULL,'2021-07-13 09:13:07','2021-07-13 09:13:07'),(976,10,'characters',NULL,NULL,'2021-07-13 09:13:07','2021-07-13 09:13:07'),(977,10,'settings',NULL,NULL,'2021-07-13 09:13:07','2021-07-13 09:13:07'),(978,10,'problem',NULL,NULL,'2021-07-13 09:13:07','2021-07-13 09:13:07'),(979,10,'solution',NULL,NULL,'2021-07-13 09:13:07','2021-07-13 09:13:07'),(980,10,'key-events',NULL,NULL,'2021-07-13 09:13:07','2021-07-13 09:13:07'),(981,10,'characters',NULL,NULL,'2021-07-13 09:13:07','2021-07-13 09:13:07'),(982,10,'settings',NULL,NULL,'2021-07-13 09:13:07','2021-07-13 09:13:07'),(983,10,'problem',NULL,NULL,'2021-07-13 09:13:07','2021-07-13 09:13:07'),(984,10,'solution',NULL,NULL,'2021-07-13 09:13:07','2021-07-13 09:13:07'),(985,10,'key-events',NULL,NULL,'2021-07-13 09:13:07','2021-07-13 09:13:07'),(986,10,'characters',NULL,NULL,'2021-07-13 09:13:07','2021-07-13 09:13:07'),(987,10,'settings',NULL,NULL,'2021-07-13 09:13:07','2021-07-13 09:13:07'),(988,10,'problem',NULL,NULL,'2021-07-13 09:13:07','2021-07-13 09:13:07'),(989,10,'solution',NULL,NULL,'2021-07-13 09:13:07','2021-07-13 09:13:07'),(990,10,'key-events',NULL,NULL,'2021-07-13 09:13:07','2021-07-13 09:13:07'),(991,10,'characters',NULL,NULL,'2021-07-13 09:13:07','2021-07-13 09:13:07'),(992,10,'settings',NULL,NULL,'2021-07-13 09:13:07','2021-07-13 09:13:07'),(993,10,'problem',NULL,NULL,'2021-07-13 09:13:07','2021-07-13 09:13:07'),(994,10,'solution',NULL,NULL,'2021-07-13 09:13:07','2021-07-13 09:13:07'),(995,10,'key-events',NULL,NULL,'2021-07-13 09:13:07','2021-07-13 09:13:07'),(996,10,'characters',NULL,NULL,'2021-07-13 09:13:08','2021-07-13 09:13:08'),(997,10,'settings',NULL,NULL,'2021-07-13 09:13:08','2021-07-13 09:13:08'),(998,10,'problem',NULL,NULL,'2021-07-13 09:13:08','2021-07-13 09:13:08'),(999,10,'solution',NULL,NULL,'2021-07-13 09:13:08','2021-07-13 09:13:08'),(1000,10,'key-events',NULL,NULL,'2021-07-13 09:13:08','2021-07-13 09:13:08'),(1001,10,'characters',NULL,NULL,'2021-07-13 09:13:08','2021-07-13 09:13:08'),(1002,10,'settings',NULL,NULL,'2021-07-13 09:13:08','2021-07-13 09:13:08'),(1003,10,'problem',NULL,NULL,'2021-07-13 09:13:08','2021-07-13 09:13:08'),(1004,10,'solution',NULL,NULL,'2021-07-13 09:13:08','2021-07-13 09:13:08'),(1005,10,'key-events',NULL,NULL,'2021-07-13 09:13:08','2021-07-13 09:13:08'),(1006,10,'characters',NULL,NULL,'2021-07-13 09:13:08','2021-07-13 09:13:08'),(1007,10,'settings',NULL,NULL,'2021-07-13 09:13:08','2021-07-13 09:13:08'),(1008,10,'problem',NULL,NULL,'2021-07-13 09:13:08','2021-07-13 09:13:08'),(1009,10,'solution',NULL,NULL,'2021-07-13 09:13:08','2021-07-13 09:13:08'),(1010,10,'key-events',NULL,NULL,'2021-07-13 09:13:08','2021-07-13 09:13:08'),(1011,10,'characters',NULL,NULL,'2021-07-13 09:13:08','2021-07-13 09:13:08'),(1012,10,'settings',NULL,NULL,'2021-07-13 09:13:08','2021-07-13 09:13:08'),(1013,10,'problem',NULL,NULL,'2021-07-13 09:13:08','2021-07-13 09:13:08'),(1014,10,'solution',NULL,NULL,'2021-07-13 09:13:08','2021-07-13 09:13:08'),(1015,10,'key-events',NULL,NULL,'2021-07-13 09:13:08','2021-07-13 09:13:08'),(1016,10,'characters',NULL,NULL,'2021-07-13 09:13:12','2021-07-13 09:13:12'),(1017,10,'settings',NULL,NULL,'2021-07-13 09:13:12','2021-07-13 09:13:12'),(1018,10,'problem',NULL,NULL,'2021-07-13 09:13:12','2021-07-13 09:13:12'),(1019,10,'solution',NULL,NULL,'2021-07-13 09:13:12','2021-07-13 09:13:12'),(1020,10,'key-events',NULL,NULL,'2021-07-13 09:13:12','2021-07-13 09:13:12'),(1021,10,'characters',NULL,NULL,'2021-07-13 09:13:17','2021-07-13 09:13:17'),(1022,10,'settings',NULL,NULL,'2021-07-13 09:13:17','2021-07-13 09:13:17'),(1023,10,'problem',NULL,NULL,'2021-07-13 09:13:17','2021-07-13 09:13:17'),(1024,10,'solution',NULL,NULL,'2021-07-13 09:13:17','2021-07-13 09:13:17'),(1025,10,'key-events',NULL,NULL,'2021-07-13 09:13:17','2021-07-13 09:13:17'),(1026,10,'characters',NULL,NULL,'2021-07-13 09:13:17','2021-07-13 09:13:17'),(1027,10,'settings',NULL,NULL,'2021-07-13 09:13:17','2021-07-13 09:13:17'),(1028,10,'problem',NULL,NULL,'2021-07-13 09:13:17','2021-07-13 09:13:17'),(1029,10,'solution',NULL,NULL,'2021-07-13 09:13:17','2021-07-13 09:13:17'),(1030,10,'key-events',NULL,NULL,'2021-07-13 09:13:17','2021-07-13 09:13:17'),(1031,10,'characters',NULL,NULL,'2021-07-13 09:13:17','2021-07-13 09:13:17'),(1032,10,'settings',NULL,NULL,'2021-07-13 09:13:17','2021-07-13 09:13:17'),(1033,10,'problem',NULL,NULL,'2021-07-13 09:13:17','2021-07-13 09:13:17'),(1034,10,'solution',NULL,NULL,'2021-07-13 09:13:17','2021-07-13 09:13:17'),(1035,10,'key-events',NULL,NULL,'2021-07-13 09:13:17','2021-07-13 09:13:17'),(1036,10,'characters',NULL,NULL,'2021-07-13 09:13:17','2021-07-13 09:13:17'),(1037,10,'settings',NULL,NULL,'2021-07-13 09:13:17','2021-07-13 09:13:17'),(1038,10,'problem',NULL,NULL,'2021-07-13 09:13:17','2021-07-13 09:13:17'),(1039,10,'solution',NULL,NULL,'2021-07-13 09:13:17','2021-07-13 09:13:17'),(1040,10,'key-events',NULL,NULL,'2021-07-13 09:13:17','2021-07-13 09:13:17'),(1041,10,'characters',NULL,NULL,'2021-07-13 09:13:20','2021-07-13 09:13:20'),(1042,10,'settings',NULL,NULL,'2021-07-13 09:13:20','2021-07-13 09:13:20'),(1043,10,'problem',NULL,NULL,'2021-07-13 09:13:20','2021-07-13 09:13:20'),(1044,10,'solution',NULL,NULL,'2021-07-13 09:13:20','2021-07-13 09:13:20'),(1045,10,'key-events',NULL,NULL,'2021-07-13 09:13:20','2021-07-13 09:13:20'),(1046,10,'characters',NULL,NULL,'2021-07-13 09:13:20','2021-07-13 09:13:20'),(1047,10,'settings',NULL,NULL,'2021-07-13 09:13:20','2021-07-13 09:13:20'),(1048,10,'problem',NULL,NULL,'2021-07-13 09:13:20','2021-07-13 09:13:20'),(1049,10,'solution',NULL,NULL,'2021-07-13 09:13:20','2021-07-13 09:13:20'),(1050,10,'key-events',NULL,NULL,'2021-07-13 09:13:20','2021-07-13 09:13:20'),(1051,10,'characters',NULL,NULL,'2021-07-13 09:13:20','2021-07-13 09:13:20'),(1052,10,'settings',NULL,NULL,'2021-07-13 09:13:20','2021-07-13 09:13:20'),(1053,10,'problem',NULL,NULL,'2021-07-13 09:13:20','2021-07-13 09:13:20'),(1054,10,'solution',NULL,NULL,'2021-07-13 09:13:20','2021-07-13 09:13:20'),(1055,10,'key-events',NULL,NULL,'2021-07-13 09:13:20','2021-07-13 09:13:20'),(1056,10,'characters',NULL,NULL,'2021-07-13 09:13:20','2021-07-13 09:13:20'),(1057,10,'settings',NULL,NULL,'2021-07-13 09:13:20','2021-07-13 09:13:20'),(1058,10,'problem',NULL,NULL,'2021-07-13 09:13:20','2021-07-13 09:13:20'),(1059,10,'solution',NULL,NULL,'2021-07-13 09:13:20','2021-07-13 09:13:20'),(1060,10,'key-events',NULL,NULL,'2021-07-13 09:13:20','2021-07-13 09:13:20'),(1061,10,'characters',NULL,NULL,'2021-07-13 09:13:20','2021-07-13 09:13:20'),(1062,10,'settings',NULL,NULL,'2021-07-13 09:13:20','2021-07-13 09:13:20'),(1063,10,'problem',NULL,NULL,'2021-07-13 09:13:20','2021-07-13 09:13:20'),(1064,10,'solution',NULL,NULL,'2021-07-13 09:13:20','2021-07-13 09:13:20'),(1065,10,'key-events',NULL,NULL,'2021-07-13 09:13:20','2021-07-13 09:13:20'),(1066,10,'characters',NULL,NULL,'2021-07-13 09:13:20','2021-07-13 09:13:20'),(1067,10,'settings',NULL,NULL,'2021-07-13 09:13:20','2021-07-13 09:13:20'),(1068,10,'problem',NULL,NULL,'2021-07-13 09:13:20','2021-07-13 09:13:20'),(1069,10,'solution',NULL,NULL,'2021-07-13 09:13:20','2021-07-13 09:13:20'),(1070,10,'key-events',NULL,NULL,'2021-07-13 09:13:20','2021-07-13 09:13:20'),(1071,10,'characters',NULL,NULL,'2021-07-13 09:13:22','2021-07-13 09:13:22'),(1072,10,'settings',NULL,NULL,'2021-07-13 09:13:22','2021-07-13 09:13:22'),(1073,10,'problem',NULL,NULL,'2021-07-13 09:13:22','2021-07-13 09:13:22'),(1074,10,'solution',NULL,NULL,'2021-07-13 09:13:22','2021-07-13 09:13:22'),(1075,10,'key-events',NULL,NULL,'2021-07-13 09:13:22','2021-07-13 09:13:22'),(1076,10,'characters',NULL,NULL,'2021-07-13 09:13:22','2021-07-13 09:13:22'),(1077,10,'settings',NULL,NULL,'2021-07-13 09:13:22','2021-07-13 09:13:22'),(1078,10,'problem',NULL,NULL,'2021-07-13 09:13:22','2021-07-13 09:13:22'),(1079,10,'solution',NULL,NULL,'2021-07-13 09:13:22','2021-07-13 09:13:22'),(1080,10,'key-events',NULL,NULL,'2021-07-13 09:13:22','2021-07-13 09:13:22'),(1081,10,'characters',NULL,NULL,'2021-07-13 09:13:23','2021-07-13 09:13:23'),(1082,10,'settings',NULL,NULL,'2021-07-13 09:13:23','2021-07-13 09:13:23'),(1083,10,'problem',NULL,NULL,'2021-07-13 09:13:23','2021-07-13 09:13:23'),(1084,10,'solution',NULL,NULL,'2021-07-13 09:13:23','2021-07-13 09:13:23'),(1085,10,'key-events',NULL,NULL,'2021-07-13 09:13:23','2021-07-13 09:13:23'),(1086,10,'characters',NULL,NULL,'2021-07-13 09:13:23','2021-07-13 09:13:23'),(1087,10,'settings',NULL,NULL,'2021-07-13 09:13:23','2021-07-13 09:13:23'),(1088,10,'problem',NULL,NULL,'2021-07-13 09:13:23','2021-07-13 09:13:23'),(1089,10,'solution',NULL,NULL,'2021-07-13 09:13:23','2021-07-13 09:13:23'),(1090,10,'key-events',NULL,NULL,'2021-07-13 09:13:23','2021-07-13 09:13:23'),(1091,10,'characters',NULL,NULL,'2021-07-13 09:13:23','2021-07-13 09:13:23'),(1092,10,'settings',NULL,NULL,'2021-07-13 09:13:23','2021-07-13 09:13:23'),(1093,10,'problem',NULL,NULL,'2021-07-13 09:13:23','2021-07-13 09:13:23'),(1094,10,'solution',NULL,NULL,'2021-07-13 09:13:23','2021-07-13 09:13:23'),(1095,10,'key-events',NULL,NULL,'2021-07-13 09:13:23','2021-07-13 09:13:23'),(1096,10,'characters',NULL,NULL,'2021-07-13 09:13:24','2021-07-13 09:13:24'),(1097,10,'settings',NULL,NULL,'2021-07-13 09:13:24','2021-07-13 09:13:24'),(1098,10,'problem',NULL,NULL,'2021-07-13 09:13:24','2021-07-13 09:13:24'),(1099,10,'solution',NULL,NULL,'2021-07-13 09:13:24','2021-07-13 09:13:24'),(1100,10,'key-events',NULL,NULL,'2021-07-13 09:13:24','2021-07-13 09:13:24'),(1101,10,'characters',NULL,NULL,'2021-07-13 09:13:24','2021-07-13 09:13:24'),(1102,10,'settings',NULL,NULL,'2021-07-13 09:13:24','2021-07-13 09:13:24'),(1103,10,'problem',NULL,NULL,'2021-07-13 09:13:24','2021-07-13 09:13:24'),(1104,10,'solution',NULL,NULL,'2021-07-13 09:13:24','2021-07-13 09:13:24'),(1105,10,'key-events',NULL,NULL,'2021-07-13 09:13:24','2021-07-13 09:13:24'),(1106,10,'characters',NULL,NULL,'2021-07-13 09:13:24','2021-07-13 09:13:24'),(1107,10,'settings',NULL,NULL,'2021-07-13 09:13:24','2021-07-13 09:13:24'),(1108,10,'problem',NULL,NULL,'2021-07-13 09:13:24','2021-07-13 09:13:24'),(1109,10,'solution',NULL,NULL,'2021-07-13 09:13:24','2021-07-13 09:13:24'),(1110,10,'key-events',NULL,NULL,'2021-07-13 09:13:24','2021-07-13 09:13:24'),(1111,10,'characters',NULL,NULL,'2021-07-13 09:13:24','2021-07-13 09:13:24'),(1112,10,'settings',NULL,NULL,'2021-07-13 09:13:24','2021-07-13 09:13:24'),(1113,10,'problem',NULL,NULL,'2021-07-13 09:13:24','2021-07-13 09:13:24'),(1114,10,'solution',NULL,NULL,'2021-07-13 09:13:24','2021-07-13 09:13:24'),(1115,10,'key-events',NULL,NULL,'2021-07-13 09:13:24','2021-07-13 09:13:24'),(1116,10,'characters',NULL,NULL,'2021-07-13 09:13:25','2021-07-13 09:13:25'),(1117,10,'settings',NULL,NULL,'2021-07-13 09:13:25','2021-07-13 09:13:25'),(1118,10,'problem',NULL,NULL,'2021-07-13 09:13:25','2021-07-13 09:13:25'),(1119,10,'solution',NULL,NULL,'2021-07-13 09:13:25','2021-07-13 09:13:25'),(1120,10,'key-events',NULL,NULL,'2021-07-13 09:13:25','2021-07-13 09:13:25'),(1121,10,'characters',NULL,NULL,'2021-07-13 09:13:25','2021-07-13 09:13:25'),(1122,10,'settings',NULL,NULL,'2021-07-13 09:13:25','2021-07-13 09:13:25'),(1123,10,'problem',NULL,NULL,'2021-07-13 09:13:25','2021-07-13 09:13:25'),(1124,10,'solution',NULL,NULL,'2021-07-13 09:13:25','2021-07-13 09:13:25'),(1125,10,'key-events',NULL,NULL,'2021-07-13 09:13:25','2021-07-13 09:13:25'),(1126,10,'characters',NULL,NULL,'2021-07-13 09:13:26','2021-07-13 09:13:26'),(1127,10,'settings',NULL,NULL,'2021-07-13 09:13:26','2021-07-13 09:13:26'),(1128,10,'problem',NULL,NULL,'2021-07-13 09:13:26','2021-07-13 09:13:26'),(1129,10,'solution',NULL,NULL,'2021-07-13 09:13:26','2021-07-13 09:13:26'),(1130,10,'key-events',NULL,NULL,'2021-07-13 09:13:26','2021-07-13 09:13:26'),(1131,10,'characters',NULL,NULL,'2021-07-13 09:13:26','2021-07-13 09:13:26'),(1132,10,'settings',NULL,NULL,'2021-07-13 09:13:26','2021-07-13 09:13:26'),(1133,10,'problem',NULL,NULL,'2021-07-13 09:13:26','2021-07-13 09:13:26'),(1134,10,'solution',NULL,NULL,'2021-07-13 09:13:26','2021-07-13 09:13:26'),(1135,10,'key-events',NULL,NULL,'2021-07-13 09:13:26','2021-07-13 09:13:26'),(1136,10,'characters',NULL,NULL,'2021-07-13 09:13:26','2021-07-13 09:13:26'),(1137,10,'settings',NULL,NULL,'2021-07-13 09:13:26','2021-07-13 09:13:26'),(1138,10,'problem',NULL,NULL,'2021-07-13 09:13:26','2021-07-13 09:13:26'),(1139,10,'solution',NULL,NULL,'2021-07-13 09:13:26','2021-07-13 09:13:26'),(1140,10,'key-events',NULL,NULL,'2021-07-13 09:13:26','2021-07-13 09:13:26'),(1141,10,'characters',NULL,NULL,'2021-07-13 09:13:27','2021-07-13 09:13:27'),(1142,10,'settings',NULL,NULL,'2021-07-13 09:13:27','2021-07-13 09:13:27'),(1143,10,'problem',NULL,NULL,'2021-07-13 09:13:27','2021-07-13 09:13:27'),(1144,10,'solution',NULL,NULL,'2021-07-13 09:13:27','2021-07-13 09:13:27'),(1145,10,'key-events',NULL,NULL,'2021-07-13 09:13:27','2021-07-13 09:13:27'),(1146,10,'characters',NULL,NULL,'2021-07-13 09:13:27','2021-07-13 09:13:27'),(1147,10,'settings',NULL,NULL,'2021-07-13 09:13:27','2021-07-13 09:13:27'),(1148,10,'problem',NULL,NULL,'2021-07-13 09:13:27','2021-07-13 09:13:27'),(1149,10,'solution',NULL,NULL,'2021-07-13 09:13:27','2021-07-13 09:13:27'),(1150,10,'key-events',NULL,NULL,'2021-07-13 09:13:27','2021-07-13 09:13:27'),(1151,10,'characters',NULL,NULL,'2021-07-13 09:13:27','2021-07-13 09:13:27'),(1152,10,'settings',NULL,NULL,'2021-07-13 09:13:27','2021-07-13 09:13:27'),(1153,10,'problem',NULL,NULL,'2021-07-13 09:13:27','2021-07-13 09:13:27'),(1154,10,'solution',NULL,NULL,'2021-07-13 09:13:27','2021-07-13 09:13:27'),(1155,10,'key-events',NULL,NULL,'2021-07-13 09:13:27','2021-07-13 09:13:27'),(1156,10,'characters',NULL,NULL,'2021-07-13 09:13:27','2021-07-13 09:13:27'),(1157,10,'settings',NULL,NULL,'2021-07-13 09:13:27','2021-07-13 09:13:27'),(1158,10,'problem',NULL,NULL,'2021-07-13 09:13:27','2021-07-13 09:13:27'),(1159,10,'solution',NULL,NULL,'2021-07-13 09:13:27','2021-07-13 09:13:27'),(1160,10,'key-events',NULL,NULL,'2021-07-13 09:13:27','2021-07-13 09:13:27'),(1161,10,'characters',NULL,NULL,'2021-07-13 09:13:30','2021-07-13 09:13:30'),(1162,10,'settings',NULL,NULL,'2021-07-13 09:13:30','2021-07-13 09:13:30'),(1163,10,'problem',NULL,NULL,'2021-07-13 09:13:30','2021-07-13 09:13:30'),(1164,10,'solution',NULL,NULL,'2021-07-13 09:13:30','2021-07-13 09:13:30'),(1165,10,'key-events',NULL,NULL,'2021-07-13 09:13:30','2021-07-13 09:13:30'),(1166,10,'characters',NULL,NULL,'2021-07-13 09:13:30','2021-07-13 09:13:30'),(1167,10,'settings',NULL,NULL,'2021-07-13 09:13:30','2021-07-13 09:13:30'),(1168,10,'problem',NULL,NULL,'2021-07-13 09:13:30','2021-07-13 09:13:30'),(1169,10,'solution',NULL,NULL,'2021-07-13 09:13:30','2021-07-13 09:13:30'),(1170,10,'key-events',NULL,NULL,'2021-07-13 09:13:30','2021-07-13 09:13:30'),(1171,10,'characters',NULL,NULL,'2021-07-13 09:13:30','2021-07-13 09:13:30'),(1172,10,'settings',NULL,NULL,'2021-07-13 09:13:30','2021-07-13 09:13:30'),(1173,10,'problem',NULL,NULL,'2021-07-13 09:13:30','2021-07-13 09:13:30'),(1174,10,'solution',NULL,NULL,'2021-07-13 09:13:30','2021-07-13 09:13:30'),(1175,10,'key-events',NULL,NULL,'2021-07-13 09:13:30','2021-07-13 09:13:30'),(1176,10,'characters',NULL,NULL,'2021-07-13 09:13:31','2021-07-13 09:13:31'),(1177,10,'settings',NULL,NULL,'2021-07-13 09:13:31','2021-07-13 09:13:31'),(1178,10,'problem',NULL,NULL,'2021-07-13 09:13:31','2021-07-13 09:13:31'),(1179,10,'solution',NULL,NULL,'2021-07-13 09:13:31','2021-07-13 09:13:31'),(1180,10,'key-events',NULL,NULL,'2021-07-13 09:13:31','2021-07-13 09:13:31'),(1181,10,'characters',NULL,NULL,'2021-07-13 09:13:31','2021-07-13 09:13:31'),(1182,10,'settings',NULL,NULL,'2021-07-13 09:13:31','2021-07-13 09:13:31'),(1183,10,'problem',NULL,NULL,'2021-07-13 09:13:31','2021-07-13 09:13:31'),(1184,10,'solution',NULL,NULL,'2021-07-13 09:13:31','2021-07-13 09:13:31'),(1185,10,'key-events',NULL,NULL,'2021-07-13 09:13:31','2021-07-13 09:13:31'),(1186,10,'characters',NULL,NULL,'2021-07-13 09:13:32','2021-07-13 09:13:32'),(1187,10,'settings',NULL,NULL,'2021-07-13 09:13:32','2021-07-13 09:13:32'),(1188,10,'problem',NULL,NULL,'2021-07-13 09:13:32','2021-07-13 09:13:32'),(1189,10,'solution',NULL,NULL,'2021-07-13 09:13:32','2021-07-13 09:13:32'),(1190,10,'key-events',NULL,NULL,'2021-07-13 09:13:32','2021-07-13 09:13:32'),(1191,10,'characters',NULL,NULL,'2021-07-13 09:13:51','2021-07-13 09:13:51'),(1192,10,'settings',NULL,NULL,'2021-07-13 09:13:51','2021-07-13 09:13:51'),(1193,10,'problem',NULL,NULL,'2021-07-13 09:13:51','2021-07-13 09:13:51'),(1194,10,'solution',NULL,NULL,'2021-07-13 09:13:51','2021-07-13 09:13:51'),(1195,10,'key-events',NULL,NULL,'2021-07-13 09:13:51','2021-07-13 09:13:51'),(1196,10,'characters',NULL,NULL,'2021-07-13 09:15:34','2021-07-13 09:15:34'),(1197,10,'settings',NULL,NULL,'2021-07-13 09:15:34','2021-07-13 09:15:34'),(1198,10,'problem',NULL,NULL,'2021-07-13 09:15:34','2021-07-13 09:15:34'),(1199,10,'solution',NULL,NULL,'2021-07-13 09:15:34','2021-07-13 09:15:34'),(1200,10,'key-events',NULL,NULL,'2021-07-13 09:15:34','2021-07-13 09:15:34'),(1201,11,'characters',NULL,NULL,'2021-07-13 09:15:45','2021-07-13 09:15:45'),(1202,11,'settings',NULL,NULL,'2021-07-13 09:15:45','2021-07-13 09:15:45'),(1203,11,'problem',NULL,NULL,'2021-07-13 09:15:45','2021-07-13 09:15:45'),(1204,11,'solution',NULL,NULL,'2021-07-13 09:15:45','2021-07-13 09:15:45'),(1205,11,'key-events','[\"The hero goes to Italy.\"]','[\"Hero travels to italy to face lost love.\"]','2021-07-13 09:15:45','2021-07-13 09:21:12'),(1206,11,'characters',NULL,NULL,'2021-07-13 09:15:59','2021-07-13 09:15:59'),(1207,11,'settings',NULL,NULL,'2021-07-13 09:15:59','2021-07-13 09:15:59'),(1208,11,'problem',NULL,NULL,'2021-07-13 09:15:59','2021-07-13 09:15:59'),(1209,11,'solution',NULL,NULL,'2021-07-13 09:15:59','2021-07-13 09:15:59'),(1210,11,'key-events',NULL,NULL,'2021-07-13 09:15:59','2021-07-13 09:15:59'),(1211,12,'characters',NULL,NULL,'2021-08-02 06:10:56','2021-08-02 06:10:56'),(1212,12,'settings',NULL,NULL,'2021-08-02 06:10:56','2021-08-02 06:10:56'),(1213,12,'problem',NULL,NULL,'2021-08-02 06:10:56','2021-08-02 06:10:56'),(1214,12,'solution',NULL,NULL,'2021-08-02 06:10:56','2021-08-02 06:10:56'),(1215,12,'key-events',NULL,NULL,'2021-08-02 06:10:56','2021-08-02 06:10:56');
/*!40000 ALTER TABLE `breakdowns` ENABLE KEYS */;
UNLOCK TABLES;

--
-- Table structure for table `chapters`
--

DROP TABLE IF EXISTS `chapters`;
/*!40101 SET @saved_cs_client     = @@character_set_client */;
/*!50503 SET character_set_client = utf8mb4 */;
CREATE TABLE `chapters` (
  `id` bigint unsigned NOT NULL AUTO_INCREMENT,
  `book_id` bigint unsigned NOT NULL,
  `number` int NOT NULL,
  `title` varchar(255) COLLATE utf8mb4_unicode_ci NOT NULL,
  `content` text COLLATE utf8mb4_unicode_ci,
  `created_at` timestamp NULL DEFAULT NULL,
  `updated_at` timestamp NULL DEFAULT NULL,
  PRIMARY KEY (`id`),
  KEY `chapters_book_id_foreign` (`book_id`),
  CONSTRAINT `chapters_book_id_foreign` FOREIGN KEY (`book_id`) REFERENCES `books` (`id`)
) ENGINE=InnoDB AUTO_INCREMENT=11 DEFAULT CHARSET=utf8mb4 COLLATE=utf8mb4_unicode_ci;
/*!40101 SET character_set_client = @saved_cs_client */;

--
-- Dumping data for table `chapters`
--

LOCK TABLES `chapters` WRITE;
/*!40000 ALTER TABLE `chapters` DISABLE KEYS */;
INSERT INTO `chapters` VALUES (1,1,2,'Tratata','<p>asdasdasdasdasdasdasd</p>','2021-03-29 20:17:55','2021-05-13 23:58:13'),(2,1,1,'Super','<p>Fae stares into the small flickering flame attached to the wick of the white candle. Its heat glowing with intensity as her eyes hold back from blinking. She\'s searching. Searching for answers that hold a tight fear in her heart to uncover.&nbsp;</p><p>Its golden warm colour contrasts against the dark dining room Fae sits in. A slight blue hue filters where the light of the full moon pierces through the open curtains.&nbsp;</p><p>Speckles of dust glitter as they float innocently in and out of the moonlight, landing on the long table for twelve empty chairs standing tall, lonesome.</p><p>The large home is quiet. Not even the winds pushing the dark trees outside can be heard from within the large home. Just the candles flame flicker, flick, flick. Fragile and unpredictable, like the spell she needs to perform.&nbsp;</p><p>Her hand twitches. She knows she has little time left of tonight\'s opportunity. If she misses it, she would have to wait too long again for the moon to eclipse and by then, the opportunity may be obsolete.&nbsp;</p><p>Blood coughed from the lungs never leaves one feeling time is on their side.</p><p>She reaches into her pocket and pulls out a tissue speckled with browning blood. Her heartbeat quickens. One of many she knows, hiding a truth she needs to know. She must know. Her mother was not something she could lose. Not when she is all she has left of her once happy, loud, chaotic witch family. No. If her mother won\'t tell her the truth, then she\'ll get it herself. And be damned how pissed she gets about it.&nbsp;</p><p>Fae holds the tissue up to the flame of the candle. \"Take this to which I cherish,\" she says as she lets go. The tissue does not fall down. It simply floats, its edges close the flames burn but narrowly missing. it almost looks beautiful, peaceful, dancing with the light below. Highlighting the contrast between tissue and her mother\'s blood.&nbsp;</p><p>The moon\'s light reaches the base of the candle. She takes a breath as she closes her eyes. She will find a way to help her, but first, she must find out what\'s wrong.&nbsp;</p><p>Her eyes open. \"What causes such blood to spill\", the tissue begins to spin above the flame, twisting, turning. What was beautiful before now feels violent.&nbsp;</p><p>It goes still. Then ever so slowly begins to fall. The flame touches the tissues edge and singer the white fibres. They continue to crawl, small sparks of light consuming until it reaches the blood. The specks burn a bright purple.</p><p>\"What ails its owners...\"</p><p>\"Fae?\" her mother\'s voice sounds from down the hall coming this way. No! \"Crap.\"</p><p>Fae quickly blows out the candle, the rooms goes dark and the tissue flutters to the table gently. Quickly she turns the lamp on by the reading chair, but accidently trips, knocking over a cardboard box labelled \'Mary Black\'. She doesn\'t see the small wooden box that rolled under the table as she sets the box back up, takes a seat back at the table, grabs the handle and trhows it in her school back at her feed. She raises her hand to the tissue still burning at it\'s sides, \"Evanescet Flamma.\" she whispers.&nbsp;</p><p>THe flames disappear and she quickly places her homework books over the tissue and ashes, just as her mother Charlotte walks in.&nbsp;</p><p>Charlotte, a beautiful woman in her mid 40\'s is dressed in her usual home attire. A knitted sweater and jean overalls covered in garden greens and dirt. It\'s not because shes a grub, but because she\'s always busy preping flowers and herbs for her little store in town. It always leaves her mother with a fresh, sweet, earthy smell.&nbsp;</p><p>Fae realises her mothers looking at her with concern. Right, she didn\'t answer. \"Are you ok?\" She asks while holding another cardboard box in her arms. This one also labelled, \'Mary black\'. Startled Fea nods, \"Just trying to work out an algebra equation.\"</p><p>Charlotte carries the box over to the others and put\'s it down. \"They do algebra in Grade 6? I suppose if 12 year olds today are capable of building companies, they can do algebra. Anyhow...\" She dusts off her pants looking at the row of boxes. \"This is the last of it. Considering how much crap she had. I suppose I should be grateful this is all we got.\"</p><p>Fae looked at the 7 boxes in a row. Her grandmothers name labelled on each. Then on the side, her mothers full name. \'Charlotte Black, 240 Rosemount Road, Longwood\'.&nbsp;</p><p>Fae didn\'t know her grandmother well. The last few years she had distanced herself from the family, or Fae supposed, her mother distanced them from her.&nbsp;</p><p>Now all that was left to know sat in those boxes.&nbsp;</p><p>Thunder crashed outside, followed by the tinerking of the rain on the roof. \"Hungry?\" her mother asked listening as well.</p><p>...</p><p>Sitting at the long dining table, Fae played with her dinner. Everynow and then glancing at her mother thatlso seamed to not touch her plate. She was too focussed on the numbers being written down in her notebook.&nbsp;</p><p>Fae knew it was work, but it bought a flash of pain ansshe remembered a time when the other seats at the able were filled. Her fathers voice saying to her sisters \"No work or tech at the table\". Everyone collectively knowing this was family time now.&nbsp;</p><p>That didn\'t exist anymore. It was just the two of them left and family felt a thing of the past. Fae glanced at the clock on the fireplace mantle. 7:45pm. It\'s started. She looked at her mother, completely oblivious. Completly...tired. Charlotte rubbed her eyes and sipped some water. Fae knew she had about an hour left. Time was running out.&nbsp;</p><p>She didn\'t like keeping secrets from her mother. They would do everything together. Usually. She could trust her with anything, everything. Maybe, she could have trusted her with this.&nbsp;</p><p>\"Mum.\" Fae struggled to find her voice. Charlotte didn\'t hear. \"Mum\" she said, a little more foracbly.&nbsp;</p><p>Charlotte looked up. \"Yes, darling?\"</p><p>\"It\'s an eclipse tonight.\" fae swallowed hard. Charlotte nodded and continued writing. \"I know.\"</p><p>This surprised Fae. From what she\'d seen, her mother had barely touched or thought about magic in almost 2 years. Let alone what the moon was doing. Maybe she\'d be willing to help. Maybe she might want to.&nbsp;</p><p>\"I thought maybe we could do something.\"</p><p>\"I can\'t Fea, you know I have a lot to do.\"</p><p>Fae feels a prickle of panic and then anger centered from her heart. \"But we can only do it tonight.\"</p><p>Charlotte stops writing. She looks at Fae with searching yet still eyes. \"Can only do what tonight?\"</p><p>Fae takes&nbsp;</p>','2021-05-13 23:58:06','2021-07-05 20:05:08'),(3,2,1,'Hello Life','<p>Presentations are communication tools that can be used as demonstrations, lectures, speeches, reports, and more. It is mostly prePresentations are communication tools that can be used as demonstrations, lectures, speeches, reports, and more. It is mostly prePresentations are communication tools that can be used as demonstrations, lectures, speeches, reports, and more. It is mostly presented before an audience. It serves a variety of purposes, making presentations powerful tools for convincing and teaching.</p><p></p><p>Presentations are communication tools that can be used as demonstrations, lectures, speeches, reports, and more. It is mostly prePresentations are communication tools that can be used as demonstrations, lectures, speeches, reports, and more. It is mostly prePresentations are communication tools that can be used as demonstrations, lectures, speeches, reports, and more. It is mostly presented before an audience. It serves a variety of purposes, making presentations powerful tools for convincing and teaching.</p><p>Presentations are communication tools that can be used as demonstrations, lectures, speeches, reports, and more. It is mostly prePresentations are communication tools that can be used as demonstrations, lectures, speeches, reports, and more. It is mostly prePresentations are communication tools that can be used as demonstrations, lectures, speeches, reports, and more. It is mostly presented before an audience. It serves a variety of purposes, making presentations powerful tools for convincing and teaching. How</p><p>if I could say</p><p>that everything would be ok but for now, everything in this small universe seams to show that life is no longer the parameters that we want it to be. In fact, when we face this world their seams to be so much we don\'t understand. </p>','2021-05-14 05:51:04','2021-05-14 05:52:40'),(4,3,1,'Truth findings consequence','<p>Fae stares into the small flickering flame attached to the wick of the white candle. Its heat glowing with intensity as her eyes hold back from blinking. She\'s searching. Searching for answers that hold a tight fear in her heart to uncover.&nbsp;</p><p>Its golden warm colour contrasts against the dark dining room Fae sits in. A slight blue hue filters where the light of the full moon pierces through the open curtains.&nbsp;</p><p>Speckles of dust glitter as they float innocently in and out of the moonlight, landing on the long table for twelve empty chairs standing tall, lonesome.</p><p>The large home is quiet. Not even the winds pushing the dark trees outside can be heard from within the large home. Just the candles flame flicker, flick, flick. Fragile and unpredictable, like the spell she needs to perform.&nbsp;</p><p>Her hand twitches. She knows she has little time left of tonight\'s opportunity. If she misses it, she would have to wait too long again for the moon to eclipse and by then, the opportunity may be obsolete.&nbsp;</p><p>Blood coughed from the lungs never leaves one feeling time is on their side.</p><p>She reaches into her pocket and pulls out a tissue speckled with browning blood.&nbsp;Her heartbeat quickens. One of many she knows, hiding a truth she needs to know. She must know. Her mother was not something she could lose. Not when she is all she has left of her once happy, loud, chaotic witch family. No. If her mother won\'t tell her the truth, then she\'ll get it herself. And be damned how pissed she gets about it.&nbsp;</p><p>Fae holds the tissue up to the flame of the candle. \"Take this to which I cherish,\" she says as she lets go. The tissue does not fall down. It simply floats, its edges close the flames burn but narrowly missing. it almost looks beautiful, peaceful, dancing with the light below. Highlighting the contrast between tissue and her mother\'s blood.&nbsp;</p><p>The moon\'s light reaches the base of the candle. She takes a breath as she closes her eyes. She will find a way to help her, but first, she must find out what\'s wrong.&nbsp;</p><p>Her eyes open. \"What causes such blood to spill\", the tissue begins to spin above the flame, twisting, turning. What was beautiful before now feels violent.&nbsp;</p><p>It goes still. Then ever so slowly begins to fall. The flame touches the tissues edge and singer the white fibres. They continue to crawl, small sparks of light consuming until it reaches the blood. The specks burn a bright purple.</p><p>\"What ails its owners...\"</p><p>\"Fae?\" her mother\'s voice sounds from down the hall coming this way. No! \"Crap.\"</p><p>Fae quickly blows out the candle, the rooms goes dark and the tissue flutters to the table gently. Quickly she turns the lamp on by the reading chair, but accidently trips, knocking over a cardboard box labelled \'Mary Black\'. She doesn\'t see the small wooden box that rolled under the table as she sets the box back up, takes a seat back at the table, grabs the handle and trhows it in her school back at her feed. She raises her hand to the tissue still burning at it\'s sides, \"Evanescet Flamma.\" she whispers.&nbsp;</p><p>THe flames disappear and she quickly places her homework books over the tissue and ashes, just as her mother Charlotte walks in.&nbsp;</p><p>Charlotte, a beautiful woman in her mid 40\'s is dressed in her usual home attire. A knitted sweater and jean overalls covered in garden greens and dirt. It\'s not because shes a grub, but because she\'s always busy preping flowers and herbs for her little store in town. It always leaves her mother with a fresh, sweet, earthy smell.&nbsp;</p><p>Fae realises her mothers looking at her with concern. Right, she didn\'t answer. \"Are you ok?\" She asks while holding another cardboard box in her arms. This one also labelled, \'Mary black\'. Startled Fea nods, \"Just trying to work out an algebra equation.\"</p><p>Charlotte carries the box over to the others and put\'s it down. \"They do algebra in Grade 6? I suppose if 12 year olds today are capable of building companies, they can do algebra. Anyhow...\" She dusts off her pants looking at the row of boxes. \"This is the last of it. Considering how much crap she had. I suppose I should be grateful this is all we got.\"</p><p>Fae looked at the 7 boxes in a row. Her grandmothers name labelled on each. Then on the side, her mothers full name. \'Charlotte Black, 240 Rosemount Road, Longwood\'.&nbsp;</p><p>Fae didn\'t know her grandmother well. The last few years she had distanced herself from the family, or Fae supposed, her mother distanced them from her.&nbsp;</p><p>Now all that was left to know sat in those boxes.&nbsp;</p><p>Thunder crashed outside, followed by the tinerking of the rain on the roof. \"Hungry?\" her mother asked listening as well.</p><p>...</p><p></p><p>Sitting at the long dining table, Fae played with her dinner. Everynow and then glancing at her mother thatlso seamed to not touch her plate. She was too focussed on the numbers being written down in her notebook.&nbsp;</p><p>Fae knew it was work, but it bought a flash of pain ansshe remembered a time when the other seats at the able were filled. Her fathers voice saying to her sisters \"No work or tech at the table\". Everyone collectively knowing this was family time now.&nbsp;</p><p>That didn\'t exist anymore. It was just the two of them left and family felt a thing of the past. Fae glanced at the clock on the fireplace mantle. 7:45pm. It\'s started. She looked at her mother, completely oblivious. Completly...tired. Charlotte rubbed her eyes and sipped some water. Fae knew she had about an hour left. Time was running out.&nbsp;</p><p>She didn\'t like keeping secrets from her mother. They would do everything together. Usually. She could trust her with anything, everything. Maybe, she could have trusted her with this.&nbsp;</p><p>\"Mum.\" Fae struggled to find her voice. Charlotte didn\'t hear. \"Mum\" she said, a little more foracbly.&nbsp;</p><p>Charlotte looked up. \"Yes, darling?\"</p><p>\"It\'s an eclipse tonight.\" fae swallowed hard. Charlotte nodded and continued writing. \"I know.\"</p><p>This surprised Fae. From what she\'d seen, her mother had barely touched or thought about magic in almost 2 years. Let alone what the moon was doing. Maybe she\'d be willing to help. Maybe she might want to.&nbsp;</p><p>\"I thought maybe we could do something.\"</p><p>\"I can\'t Fea, you know I have a lot to do.\"</p><p>Fae feels a prickle of panic and then anger centered from her heart. \"But we can only do it tonight.\"</p><p>Charlotte stops writing. She looks at Fae with searching yet still eyes. \"Can only do what tonight?\"</p><p>Fae takes&nbsp;</p><p></p>','2021-05-16 22:02:35','2021-06-12 23:11:09'),(5,3,2,'Charlotte\'s secret','<p>The large home is quiet. Not even the winds pushing the dark trees outside can be heard from within the large home. Just the candles flame flicker, flick, flick. Fragile and unpredictable, like the spell she needs to perform.&nbsp;</p><p>Her hand twitches. She knows she has little time left of tonight\'s opportunity. If she misses it, she would have to wait too long again for the moon to eclipse and by then, the opportunity may be obsolete.&nbsp;</p><p>Blood coughed from the lungs never leaves one feeling time is on their side.</p><p></p><p>Fae stares into the small flickering flame attached to the wick of the white candle. Its heat glowing with intensity as her eyes hold back from blinking. She\'s searching. Searching for answers that hold a tight fear in her heart to uncover.&nbsp;</p><p>Its golden warm colour contrasts against the dark dining room Fae sits in. A slight blue hue filters where the light of the full moon pierces through the open curtains.&nbsp;</p><p>Speckles of dust glitter as they float innocently in and out of the moonlight, landing on the long table for twelve empty chairs standing tall, lonesome.</p><p>The large home is quiet. Not even the winds pushing the dark trees outside can be heard from within the large home. Just the candles flame flicker, flick, flick. Fragile and unpredictable, like the spell she needs to perform.&nbsp;</p><p>Her hand twitches. She knows she has little time left of tonight\'s opportunity. If she misses it, she would have to wait too long again for the moon to eclipse and by then, the opportunity may be obsolete.&nbsp;</p><p>Blood coughed from the lungs never leaves one feeling time is on their side.</p><p>She reaches into her pocket and pulls out a tissue speckled with browning blood.&nbsp;Her heartbeat quickens. One of many she knows, hiding a truth she needs to know. She must know. Her mother was not something she could lose. Not when she is all she has left of her once happy, loud, chaotic witch family. No. If her mother won\'t tell her the truth, then she\'ll get it herself. And be damned how pissed she gets about it.&nbsp;</p><p>Fae holds the tissue up to the flame of the candle. \"Take this to which I cherish,\" she says as she lets go. The tissue does not fall down. It simply floats, its edges close they go into the darkness of what has been the best time of their life and how they don\'t know what they are talking about and if it is infact best to do it that way. Some may find it confusing for other to understand but they are ok with that con</p>','2021-05-30 05:26:46','2021-07-28 23:03:26'),(6,7,1,'Test 1','<h3><strong>Классический текст Lorem Ipsum, используемый с XVI века</strong></h3><p>\"Lorem ipsum dolor sit amet, consectetur adipiscing elit, sed do eiusmod tempor incididunt ut labore et dolore magna aliqua. Ut enim ad minim veniam, quis nostrud exercitation ullamco laboris nisi ut aliquip ex ea commodo consequat. Duis aute irure dolor in reprehenderit in voluptate velit esse cillum dolore eu fugiat nulla pariatur. Excepteur sint occaecat cupidatat non proident, sunt in culpa qui officia deserunt mollit anim id est laborum.\"</p><h3><strong>Абзац 1.10.32 \"de Finibus Bonorum et Malorum\", написанный Цицероном в 45 году н.э.</strong></h3><p>\"Sed ut perspiciatis unde omnis iste natus error sit voluptatem accusantium doloremque laudantium, totam rem aperiam, eaque ipsa quae ab illo inventore veritatis et quasi architecto beatae vitae dicta sunt explicabo. Nemo enim ipsam voluptatem quia voluptas sit aspernatur aut odit aut fugit, sed quia consequuntur magni dolores eos qui ratione voluptatem sequi nesciunt. Neque porro quisquam est, qui dolorem ipsum quia dolor sit amet, consectetur, adipisci velit, sed quia non numquam eius modi tempora incidunt ut labore et dolore magnam aliquam quaerat voluptatem. Ut enim ad minima veniam, quis nostrum exercitationem ullam corporis suscipit laboriosam, nisi ut aliquid ex ea commodi consequatur? Quis autem vel eum iure reprehenderit qui in ea voluptate velit esse quam nihil molestiae consequatur, vel illum qui dolorem eum fugiat quo voluptas nulla pariatur?\"</p><h3><strong>Английский перевод 1914 года, H. Rackham</strong></h3><p>\"But I must explain to you how all this mistaken idea of denouncing pleasure and praising pain was born and I will give you a complete account of the system, and expound the actual teachings of the great explorer of the truth, the master-builder of human happiness. No one rejects, dislikes, or avoids pleasure itself, because it is pleasure, but because those who do not know how to pursue pleasure rationally encounter consequences that are extremely painful. Nor again is there anyone who loves or pursues or desires to obtain pain of itself, because it is pain, but because occasionally circumstances occur in which toil and pain can procure him some great pleasure. To take a trivial example, which of us ever undertakes laborious physical exercise, except to obtain some advantage from it? But who has any right to find fault with a man who chooses to enjoy a pleasure that has no annoying consequences, or one who avoids a pain that produces no resultant pleasure?\"</p><h3><strong>Абзац 1.10.33 \"de Finibus Bonorum et Malorum\", написанный Цицероном в 45 году н.э.</strong></h3><p>\"At vero eos et accusamus et iusto odio dignissimos ducimus qui blanditiis praesentium voluptatum deleniti atque corrupti quos dolores et quas molestias excepturi sint occaecati cupiditate non provident, similique sunt in culpa qui officia deserunt mollitia animi, id est laborum et dolorum fuga. Et harum quidem rerum facilis est et expedita distinctio. Nam libero tempore, cum soluta nobis est eligendi optio cumque nihil impedit quo minus id quod maxime placeat facere possimus, omnis voluptas assumenda est, omnis dolor repellendus. Temporibus autem quibusdam et aut officiis debitis aut rerum necessitatibus saepe eveniet ut et voluptates repudiandae sint et molestiae non recusandae. Itaque earum rerum hic tenetur a sapiente delectus, ut aut reiciendis voluptatibus maiores alias consequatur aut perferendis doloribus asperiores repellat.\"</p><h3><strong>Английский перевод 1914 года, H. Rackham</strong></h3><p>\"On the other hand, we denounce with righteous indignation and dislike men who are so beguiled and demoralized by the charms of pleasure of the moment, so blinded by desire, that they cannot foresee the pain and trouble that are bound to ensue; and equal blame belongs to those who fail in their duty through weakness of will, which is the same as saying through shrinking from toil and pain. These cases are perfectly simple and easy to distinguish. In a free hour, when our power of choice is untrammelled and when nothing prevents our being able to do what we like best, every pleasure is to be welcomed and every pain avoided. But in certain circumstances and owing to the claims of duty or the obligations of business it will frequently occur that pleasures have to be repudiated and annoyances accepted. The wise man therefore always holds in these matters to this principle of selection: he rejects pleasures to secure other greater pleasures, or else he endures pains to avoid worse pains.\"</p><p>asdasd123</p><p>\"Lorem ipsum dolor sit amet, consectetur adipiscing elit, sed do eiusmod tempor incididunt ut labore et dolore magna aliqua. Ut enim ad minim veniam, quis nostrud exercitation ullamco laboris nisi ut aliquip ex ea commodo consequat. Duis aute irure dolor in reprehenderit in voluptate velit esse cillum dolore eu fugiat nulla pariatur. Excepteur sint occaecat cupidatat non proident, sunt in culpa qui officia deserunt mollit anim id est laborum.\"</p><h3><strong>Абзац 1.10.32 \"de Finibus Bonorum et Malorum\", написанный Цицероном в 45 году н.э.</strong></h3><p>\"Sed ut perspiciatis unde omnis iste natus error sit voluptatem accusantium doloremque laudantium, totam rem aperiam, eaque ipsa quae ab illo inventore veritatis et quasi architecto beatae vitae dicta sunt explicabo. Nemo enim ipsam voluptatem quia voluptas sit aspernatur aut odit aut fugit, sed quia consequuntur magni dolores eos qui ratione voluptatem sequi nesciunt. Neque porro quisquam est, qui dolorem ipsum quia dolor sit amet, consectetur, adipisci velit, sed quia non numquam eius modi tempora incidunt ut labore et dolore magnam aliquam quaerat voluptatem. Ut enim ad minima veniam, quis nostrum exercitationem ullam corporis suscipit laboriosam, nisi ut aliquid ex ea commodi consequatur? Quis autem vel eum iure reprehenderit qui in ea voluptate velit esse quam nihil molestiae consequatur, vel illum qui dolorem eum fugiat quo voluptas nulla pariatur?\"</p><h3><strong>Английский перевод 1914 года, H. Rackham</strong></h3><p>\"But I must explain to you how all this mistaken idea of denouncing pleasure and praising pain was born and I will give you a complete account of the system, and expound the actual teachings of the great explorer of the truth, the master-builder of human happiness. No one rejects, dislikes, or avoids pleasure itself, because it is pleasure, but because those who do not know how to pursue pleasure rationally encounter consequences that are extremely painful. Nor again is there anyone who loves or pursues or desires to obtain pain of itself, because it is pain, but because occasionally circumstances occur in which toil and pain can procure him some great pleasure. To take a trivial example, which of us ever undertakes laborious physical exercise, except to obtain some advantage from it? But who has any right to find fault with a man who chooses to enjoy a pleasure that has no annoying consequences, or one who avoids a pain that produces no resultant pleasure?\"</p><h3><strong>Абзац 1.10.33 \"de Finibus Bonorum et Malorum\", написанный Цицероном в 45 году н.э.</strong></h3><p>\"At vero eos et accusamus et iusto odio dignissimos ducimus qui blanditiis praesentium voluptatum deleniti atque corrupti quos dolores et quas molestias excepturi sint occaecati cupiditate non provident, similique sunt in culpa qui officia deserunt mollitia animi, id est laborum et dolorum fuga. Et harum quidem rerum facilis est et expedita distinctio. Nam libero tempore, cum soluta nobis est eligendi optio cumque nihil impedit quo minus id quod maxime placeat facere possimus, omnis voluptas assumenda est, omnis dolor repellendus. Temporibus autem quibusdam et aut officiis debitis aut rerum necessitatibus saepe eveniet ut et voluptates repudiandae sint et molestiae non recusandae. Itaque earum rerum hic tenetur a sapiente delectus, ut aut reiciendis voluptatibus maiores alias consequatur aut perferendis doloribus asperiores repellat.\"</p><h3><strong>Английский перевод 1914 года, H. Rackham</strong></h3><p>\"On the other hand, we denounce with righteous indignation and dislike men who are so beguiled and demoralized by the charms of pleasure of the moment, so blinded by desire, that they cannot foresee the pain and trouble that are bound to ensue; and equal blame belongs to those who fail in their duty through weakness of will, which is the same as saying through shrinking from toil and pain. These cases are perfectly simple and easy to distinguish. In a free hour, when our power of choice is untrammelled and when nothing prevents our being able to do what we like best, every pleasure is to be welcomed and every pain avoided. But in certain circumstances and owing to the claims of duty or the obligations of business it will frequently occur that pleasures have to be repudiated and annoyances accepted. The wise man therefore always holds in these matters to this principle of selection: he rejects pleasures to secure other greater pleasures, or else he endures pains to avoid worse pains.\"</p><p>asdasd123</p><p>\"Lorem ipsum dolor sit amet, consectetur adipiscing elit, sed do eiusmod tempor incididunt ut labore et dolore magna aliqua. Ut enim ad minim veniam, quis nostrud exercitation ullamco laboris nisi ut aliquip ex ea commodo consequat. Duis aute irure dolor in reprehenderit in voluptate velit esse cillum dolore eu fugiat nulla pariatur. Excepteur sint occaecat cupidatat non proident, sunt in culpa qui officia deserunt mollit anim id est laborum.\"</p><h3><strong>Абзац 1.10.32 \"de Finibus Bonorum et Malorum\", написанный Цицероном в 45 году н.э.</strong></h3><p>\"Sed ut perspiciatis unde omnis iste natus error sit voluptatem accusantium doloremque laudantium, totam rem aperiam, eaque ipsa quae ab illo inventore veritatis et quasi architecto beatae vitae dicta sunt explicabo. Nemo enim ipsam voluptatem quia voluptas sit aspernatur aut odit aut fugit, sed quia consequuntur magni dolores eos qui ratione voluptatem sequi nesciunt. Neque porro quisquam est, qui dolorem ipsum quia dolor sit amet, consectetur, adipisci velit, sed quia non numquam eius modi tempora incidunt ut labore et dolore magnam aliquam quaerat voluptatem. Ut enim ad minima veniam, quis nostrum exercitationem ullam corporis suscipit laboriosam, nisi ut aliquid ex ea commodi consequatur? Quis autem vel eum iure reprehenderit qui in ea voluptate velit esse quam nihil molestiae consequatur, vel illum qui dolorem eum fugiat quo voluptas nulla pariatur?\"</p><h3><strong>Английский перевод 1914 года, H. Rackham</strong></h3><p>\"But I must explain to you how all this mistaken idea of denouncing pleasure and praising pain was born and I will give you a complete account of the system, and expound the actual teachings of the great explorer of the truth, the master-builder of human happiness. No one rejects, dislikes, or avoids pleasure itself, because it is pleasure, but because those who do not know how to pursue pleasure rationally encounter consequences that are extremely painful. Nor again is there anyone who loves or pursues or desires to obtain pain of itself, because it is pain, but because occasionally circumstances occur in which toil and pain can procure him some great pleasure. To take a trivial example, which of us ever undertakes laborious physical exercise, except to obtain some advantage from it? But who has any right to find fault with a man who chooses to enjoy a pleasure that has no annoying consequences, or one who avoids a pain that produces no resultant pleasure?\"</p><h3><strong>Абзац 1.10.33 \"de Finibus Bonorum et Malorum\", написанный Цицероном в 45 году н.э.</strong></h3><p>\"At vero eos et accusamus et iusto odio dignissimos ducimus qui blanditiis praesentium voluptatum deleniti atque corrupti quos dolores et quas molestias excepturi sint occaecati cupiditate non provident, similique sunt in culpa qui officia deserunt mollitia animi, id est laborum et dolorum fuga. Et harum quidem rerum facilis est et expedita distinctio. Nam libero tempore, cum soluta nobis est eligendi optio cumque nihil impedit quo minus id quod maxime placeat facere possimus, omnis voluptas assumenda est, omnis dolor repellendus. Temporibus autem quibusdam et aut officiis debitis aut rerum necessitatibus saepe eveniet ut et voluptates repudiandae sint et molestiae non recusandae. Itaque earum rerum hic tenetur a sapiente delectus, ut aut reiciendis voluptatibus maiores alias consequatur aut perferendis doloribus asperiores repellat.\"</p><h3><strong>Английский перевод 1914 года, H. Rackham</strong></h3><p>\"On the other hand, we denounce with righteous indignation and dislike men who are so beguiled and demoralized by the charms of pleasure of the moment, so blinded by desire, that they cannot foresee the pain and trouble that are bound to ensue; and equal blame belongs to those who fail in their duty through weakness of will, which is the same as saying through shrinking from toil and pain. These cases are perfectly simple and easy to distinguish. In a free hour, when our power of choice is untrammelled and when nothing prevents our being able to do what we like best, every pleasure is to be welcomed and every pain avoided. But in certain circumstances and owing to the claims of duty or the obligations of business it will frequently occur that pleasures have to be repudiated and annoyances accepted. The wise man therefore always holds in these matters to this principle of selection: he rejects pleasures to secure other greater pleasures, or else he endures pains to avoid worse pains.\"</p><p>asdasd123</p>','2021-06-22 22:34:34','2021-07-28 09:17:15'),(7,8,1,'hey','<p>When choosing a solar inverter for your system, are you unsure whether to go budget or premium?</p><p></p><p>If you ask us, when it comes to inverters, premium is your best choice.&nbsp;&nbsp;</p><p></p><p>Premium inverters have longer warranties and their also made of better quality components that make them less likely to fault.&nbsp;</p><p></p><p>Remember, the inverter is the heart of your system; it never stops working for you.&nbsp;</p><p></p><p>So you want a brand that has proven its reliability in performance and longevity. Otherwise, you\'re at risk for a broken-down budget inverter in 4 years, with a 3 month turnaround time on replacement. To which your system is out of action and not saving you money.</p><p></p><p>All our inverters are connected to the supplier portals, so we know before you do if there is an issue and can identify and resolve it immediately. We\'re also a SMA PowerUP partner and in the unlikely chance your inverter has a fault, we are licenced to assist you directly, instead of waiting for tech support.&nbsp;</p><p></p><p>Visit our website&nbsp;<a href=\"http://www.leesongroup.com.au\" rel=\"noopener noreferrer nofollow\">leesongroup.com.au</a>&nbsp;and apply for your free solar assessment for more information.</p>','2021-06-23 03:22:08','2021-06-23 03:22:11'),(8,11,1,'The long road','<p>Eliza looks out at the long road she knows is well travelled. Morning and night, it is filled with the busy life of society. And sometimes...</p><p>She feels the<em> slight</em>&nbsp;uncomfortable feeling that as she watches those passing, that time</p>','2021-07-13 09:29:09','2021-07-13 09:30:28'),(9,11,2,'The wonder of hilltop','<p>\"Oh here is what i\'ve been looking for\", Said Eliza.</p>','2021-07-13 09:30:42','2021-07-13 09:31:09'),(10,7,2,'Test2','<p>asdasdasd</p><p>1231231</p>','2021-08-01 02:24:29','2021-08-01 02:24:33');
/*!40000 ALTER TABLE `chapters` ENABLE KEYS */;
UNLOCK TABLES;

--
-- Table structure for table `character_attributes`
--

DROP TABLE IF EXISTS `character_attributes`;
/*!40101 SET @saved_cs_client     = @@character_set_client */;
/*!50503 SET character_set_client = utf8mb4 */;
CREATE TABLE `character_attributes` (
  `id` bigint unsigned NOT NULL AUTO_INCREMENT,
  `book_id` bigint unsigned NOT NULL,
  `character_id` bigint unsigned NOT NULL,
  `group` varchar(255) COLLATE utf8mb4_unicode_ci DEFAULT NULL,
  `field` varchar(255) COLLATE utf8mb4_unicode_ci NOT NULL,
  `value` varchar(255) COLLATE utf8mb4_unicode_ci DEFAULT NULL,
  `description` text COLLATE utf8mb4_unicode_ci,
  `extra` json DEFAULT NULL,
  `created_at` timestamp NULL DEFAULT NULL,
  `updated_at` timestamp NULL DEFAULT NULL,
  PRIMARY KEY (`id`),
  KEY `character_attributes_book_id_foreign` (`book_id`),
  KEY `character_attributes_character_id_foreign` (`character_id`),
  CONSTRAINT `character_attributes_book_id_foreign` FOREIGN KEY (`book_id`) REFERENCES `books` (`id`),
  CONSTRAINT `character_attributes_character_id_foreign` FOREIGN KEY (`character_id`) REFERENCES `characters` (`id`) ON DELETE CASCADE
) ENGINE=InnoDB AUTO_INCREMENT=22 DEFAULT CHARSET=utf8mb4 COLLATE=utf8mb4_unicode_ci;
/*!40101 SET character_set_client = @saved_cs_client */;

--
-- Dumping data for table `character_attributes`
--

LOCK TABLES `character_attributes` WRITE;
/*!40000 ALTER TABLE `character_attributes` DISABLE KEYS */;
INSERT INTO `character_attributes` VALUES (1,1,1,'physicality','physicality',NULL,'<p>123123asdasd</p>',NULL,'2021-03-29 20:27:53','2021-03-29 20:27:54'),(2,1,1,'traits','trait_1','Creative','<p>asdasd12312312</p>',NULL,'2021-03-29 20:27:59','2021-03-29 20:28:01'),(3,3,2,'basics','gender','Female',NULL,NULL,'2021-05-16 01:20:13','2021-05-16 01:20:13'),(4,3,2,'basics','age','12',NULL,NULL,'2021-05-16 01:20:15','2021-05-16 01:20:15'),(5,3,2,'basics','nationality','Australian',NULL,NULL,'2021-05-16 01:20:20','2021-05-16 01:20:20'),(6,3,2,'physicality','image','character-attributes/8Tvpt7839l4VfRG2ol2mJGhBtHLqRshBh8FFc6TL.jpg',NULL,NULL,'2021-05-16 01:23:17','2021-05-16 01:23:17'),(7,3,2,'physicality','physicality',NULL,'<p>Fae has a very relaxed farm vintage style about her.  She walks with confidence.</p>',NULL,'2021-05-16 01:23:42','2021-05-16 01:24:56'),(8,3,2,'traits','trait_1','Ambitious','<p>Fae stares into the small flickering flame attached to the wick of the white candle. Its heat glowing with intensity as her eyes hold back from blinking. She\'s searching. Searching for answers that hold a tight fear in her heart to uncover.&nbsp;</p><p>Its golden warm colour contrasts against the dark dining room Fae sits in. A slight blue hue filters where the light of the full moon pierces through the open curtains.&nbsp;</p><p>Speckles of dust glitter as they float innocently in and out of the moonlight, landing on the long table for twelve empty chairs standing tall, lonesome.</p><p>The large home is quiet. Not even the winds pushing the dark trees outside can be heard from within the large home. Just the candles flame flicker, flick, flick. Fragile and unpredictable, like the spell she needs to perform.&nbsp;</p><p>Her hand twitches. She knows she has little time left of tonight\'s opportunity. If she misses it, she would have to wait too long again for the moon to eclipse and by then, the opportunity may be obsolete.&nbsp;</p><p>Blood coughed from the lungs never leaves one feeling time is on their side.</p><p>She reaches into her pocket and pulls out a tissue speckled with browning blood.&nbsp;Her heartbeat quickens. One of many she knows, hiding a truth she needs to know. She must know. Her mother was not something she could lose. Not when she is all she has left of her once happy, loud, chaotic witch family. No. If her mother won\'t tell her the truth, then she\'ll get it herself. And be damned how pissed she gets about it.&nbsp;</p><p>Fae holds the tissue up to the flame of the candle. \"Take this to which I cherish,\" she says as she lets go. The tissue does not fall down. It simply floats, its edges close the</p>',NULL,'2021-05-16 01:25:14','2021-06-12 02:23:43'),(9,6,4,'physicality','physicality',NULL,'<p>] Platforms you’ll need to go evergreen. ConvertKit – for emails and creating landing pages. Demio – for webinars. Deadline Funnel – allows you to create smart links with individual automated ] Platforms you’ll need to go evergreen. ConvertKit – for emails and creating landing pages. Demio – for webinars. Deadline Funnel – allows you to create smart links with individual automated] Platforms you’ll need to go evergreen. ConvertKit – for emails and creating landing pages. Demio – for webinars. Deadline Funnel – allows you to create smart links with individual automated</p>',NULL,'2021-05-18 02:33:18','2021-05-18 02:33:21'),(10,3,3,'physicality','image','character-attributes/9YYas7fjkp5Jlfdg1kz48sFqX6UYva55MTyFLzhu.jpg',NULL,NULL,'2021-06-12 02:21:25','2021-06-12 02:22:28'),(11,3,3,'traits','trait_3',NULL,'<p></p>',NULL,'2021-06-12 02:23:27','2021-06-12 02:23:28'),(12,11,6,'basics','nickname','Liz',NULL,NULL,'2021-07-13 09:21:55','2021-07-13 09:21:55'),(13,11,6,'basics','gender','Female',NULL,NULL,'2021-07-13 09:21:57','2021-07-13 09:21:57'),(14,11,6,'basics','age','21',NULL,NULL,'2021-07-13 09:21:59','2021-07-13 09:21:59'),(15,11,6,'basics','nationality','English',NULL,NULL,'2021-07-13 09:22:05','2021-07-13 09:22:05'),(16,11,6,'physicality','image','character-attributes/I3XQykhhwtSp6u0xv6ybVM1K1bM9DfRISTwZpJYh.jpg',NULL,NULL,'2021-07-13 09:22:15','2021-07-13 09:22:15'),(17,11,6,'physicality','physicality',NULL,'<p>Long dark brown hair, short in height and slim build. Wears a lot of black. </p>',NULL,'2021-07-13 09:22:19','2021-07-13 09:22:31'),(18,11,6,'traits','trait_1','Adventurous','<p>Always looking for the next adventure.</p>',NULL,'2021-07-13 09:22:41','2021-07-13 09:22:48'),(19,11,6,'views','optimistic',NULL,'<p>She tends to look at things with a pessimistic mind.</p>',NULL,'2021-07-13 09:22:56','2021-07-13 09:23:04'),(20,11,6,'background','background_2',NULL,'<p>Incredibly smart. Loves to read all kinds of books.</p>',NULL,'2021-07-13 09:23:13','2021-07-13 09:23:19'),(21,11,6,'traits','trait_2','Brave','<p>Join a global professional services leader. We are committed to solving the world’s biggest challenges in the areas of water, energy and urbanisation.<br>As an undergraduate in GHD, you will be provided with practical, on the job experience within a technical field aligned to your studies and where possible, to your aspirational career path. &nbsp;You will also have opportunities to build your networks and learn from and work with some of GHD’s best and brightest professionals. &nbsp;</p><p><br>Where possible, you\'ll have the opportunity to connect with our recent graduates and our broader Young Professionals and Women in GHD networks to learn from their experiences to help decide whether GHD is the right place to start your graduate career. &nbsp;<br>To help facilitate transitions into our Graduate program, our internship experience is designed for students in their penultimate, or second-to-last year of studies, however, is open to students from earlier years as well.</p><p><br>Who are we looking for?<br>We are looking for students who will be continuing their studies next year in a Bachelor or post-graduate qualification. &nbsp;In Victoria, we will have opportunities for students within the following business groups. &nbsp;To help understand your interests, our application process will allow you to nominate two areas that you may wish to gain exposure to:</p><p></p><p>Join a global professional services leader. We are committed to solving the world’s biggest challenges in the areas of water, energy and urbanisation.<br>As an undergraduate in GHD, you will be provided with practical, on the job experience within a technical field aligned to your studies and where possible, to your aspirational career path. &nbsp;You will also have opportunities to build your networks and learn from and work with some of GHD’s best and brightest professionals. &nbsp;</p><p><br>Where possible, you\'ll have the opportunity to connect with our recent graduates and our broader Young Professionals and Women in GHD networks to learn from their experiences to help decide whether GHD is the right place to start your graduate career. &nbsp;<br>To help facilitate transitions into our Graduate program, our internship experience is designed for students in their penultimate, or second-to-last year of studies, however, is open to students from earlier years as well.</p><p><br>Who are we looking for?<br>We are looking for students who will be continuing their studies next year in a Bachelor or post-graduate qualification. &nbsp;In Victoria, we will have opportunities for students within the following business groups. &nbsp;To help understand your interests, our application process will allow you to nominate two areas that you may wish to gain exposure to:</p><p></p><p>Join a global professional services leader. We are committed to solving the world’s biggest challenges in the areas of water, energy and urbanisation.<br>As an undergraduate in GHD, you will be provided with practical, on the job experience within a technical field aligned to your studies and where possible, to your aspirational career path. &nbsp;You will also have opportunities to build your networks and learn from and work with some of GHD’s best and brightest professionals. &nbsp;</p><p><br>Where possible, you\'ll have the opportunity to connect with our recent graduates and our broader Young Professionals and Women in GHD networks to learn from their experiences to help decide whether GHD is the right place to start your graduate career. &nbsp;<br>To help facilitate transitions into our Graduate program, our internship experience is designed for students in their penultimate, or second-to-last year of studies, however, is open to students from earlier years as well.</p><p><br>Who are we looking for?<br>We are looking for students who will be continuing their studies next year in a Bachelor or post-graduate qualification. &nbsp;In Victoria, we will have opportunities for students within the following business groups. &nbsp;To help understand your interests, our application process will allow you to nominate two areas that you may wish to gain exposure to:</p>',NULL,'2021-07-21 05:57:28','2021-07-21 05:57:46');
/*!40000 ALTER TABLE `character_attributes` ENABLE KEYS */;
UNLOCK TABLES;

--
-- Table structure for table `character_groups`
--

DROP TABLE IF EXISTS `character_groups`;
/*!40101 SET @saved_cs_client     = @@character_set_client */;
/*!50503 SET character_set_client = utf8mb4 */;
CREATE TABLE `character_groups` (
  `id` bigint unsigned NOT NULL AUTO_INCREMENT,
  `book_id` bigint unsigned NOT NULL,
  `title` varchar(255) COLLATE utf8mb4_unicode_ci NOT NULL,
  `created_at` timestamp NULL DEFAULT NULL,
  `updated_at` timestamp NULL DEFAULT NULL,
  PRIMARY KEY (`id`),
  KEY `character_groups_book_id_foreign` (`book_id`),
  CONSTRAINT `character_groups_book_id_foreign` FOREIGN KEY (`book_id`) REFERENCES `books` (`id`)
) ENGINE=InnoDB AUTO_INCREMENT=4 DEFAULT CHARSET=utf8mb4 COLLATE=utf8mb4_unicode_ci;
/*!40101 SET character_set_client = @saved_cs_client */;

--
-- Dumping data for table `character_groups`
--

LOCK TABLES `character_groups` WRITE;
/*!40000 ALTER TABLE `character_groups` DISABLE KEYS */;
INSERT INTO `character_groups` VALUES (1,3,'The Black Family','2021-05-16 01:19:46','2021-05-16 01:19:46'),(2,3,'Hello','2021-06-12 02:22:58','2021-06-12 02:22:58'),(3,11,'The Bennet Family','2021-07-13 09:21:26','2021-07-13 09:21:26');
/*!40000 ALTER TABLE `character_groups` ENABLE KEYS */;
UNLOCK TABLES;

--
-- Table structure for table `characters`
--

DROP TABLE IF EXISTS `characters`;
/*!40101 SET @saved_cs_client     = @@character_set_client */;
/*!50503 SET character_set_client = utf8mb4 */;
CREATE TABLE `characters` (
  `id` bigint unsigned NOT NULL AUTO_INCREMENT,
  `book_id` bigint unsigned NOT NULL,
  `group_id` bigint unsigned DEFAULT NULL,
  `type` tinyint DEFAULT NULL,
  `name` varchar(255) COLLATE utf8mb4_unicode_ci NOT NULL,
  `first_name` varchar(255) COLLATE utf8mb4_unicode_ci DEFAULT NULL,
  `last_name` varchar(255) COLLATE utf8mb4_unicode_ci DEFAULT NULL,
  `created_at` timestamp NULL DEFAULT NULL,
  `updated_at` timestamp NULL DEFAULT NULL,
  PRIMARY KEY (`id`),
  KEY `characters_book_id_foreign` (`book_id`),
  KEY `characters_group_id_foreign` (`group_id`),
  CONSTRAINT `characters_book_id_foreign` FOREIGN KEY (`book_id`) REFERENCES `books` (`id`),
  CONSTRAINT `characters_group_id_foreign` FOREIGN KEY (`group_id`) REFERENCES `character_groups` (`id`)
) ENGINE=InnoDB AUTO_INCREMENT=8 DEFAULT CHARSET=utf8mb4 COLLATE=utf8mb4_unicode_ci;
/*!40101 SET character_set_client = @saved_cs_client */;

--
-- Dumping data for table `characters`
--

LOCK TABLES `characters` WRITE;
/*!40000 ALTER TABLE `characters` DISABLE KEYS */;
INSERT INTO `characters` VALUES (1,1,NULL,NULL,'asdasd asdasda','asdasd','asdasda','2021-03-29 20:26:40','2021-03-29 20:26:40'),(2,3,2,2,'Fae Black','Fae','Black','2021-05-16 01:20:05','2021-06-12 02:23:09'),(3,3,NULL,2,'Louise Berkshire','Louise','Berkshire','2021-05-16 07:17:08','2021-05-16 07:17:08'),(4,6,NULL,0,'vb cvb','vb','cvb','2021-05-18 02:33:02','2021-05-18 02:33:02'),(5,8,NULL,0,' ',NULL,NULL,'2021-06-23 04:16:04','2021-06-23 04:16:04'),(6,11,3,1,'Eliza Bennet','Eliza','Bennet','2021-07-13 09:21:44','2021-07-13 09:23:47'),(7,10,NULL,NULL,'h y','h','y','2021-07-21 06:58:51','2021-07-21 06:58:51');
/*!40000 ALTER TABLE `characters` ENABLE KEYS */;
UNLOCK TABLES;

--
-- Table structure for table `event_items`
--

DROP TABLE IF EXISTS `event_items`;
/*!40101 SET @saved_cs_client     = @@character_set_client */;
/*!50503 SET character_set_client = utf8mb4 */;
CREATE TABLE `event_items` (
  `id` bigint unsigned NOT NULL AUTO_INCREMENT,
  `event_id` bigint unsigned NOT NULL,
  `title` varchar(255) COLLATE utf8mb4_unicode_ci NOT NULL,
  `description` varchar(255) COLLATE utf8mb4_unicode_ci DEFAULT NULL,
  `order` tinyint DEFAULT NULL,
  `created_at` timestamp NULL DEFAULT NULL,
  `updated_at` timestamp NULL DEFAULT NULL,
  PRIMARY KEY (`id`),
  KEY `event_items_event_id_foreign` (`event_id`),
  CONSTRAINT `event_items_event_id_foreign` FOREIGN KEY (`event_id`) REFERENCES `events` (`id`) ON DELETE CASCADE
) ENGINE=InnoDB AUTO_INCREMENT=219 DEFAULT CHARSET=utf8mb4 COLLATE=utf8mb4_unicode_ci;
/*!40101 SET character_set_client = @saved_cs_client */;

--
-- Dumping data for table `event_items`
--

LOCK TABLES `event_items` WRITE;
/*!40000 ALTER TABLE `event_items` DISABLE KEYS */;
INSERT INTO `event_items` VALUES (1,2,'jalksdjaljdasd','asdasda',1,'2021-03-29 20:25:36','2021-05-13 23:57:27'),(2,1,'12312','sdasdasda',0,'2021-03-29 20:25:39','2021-03-29 20:37:43'),(3,2,'TTT','asdasda',0,'2021-03-29 20:25:45','2021-05-13 23:57:27'),(4,2,'asdasdasd',NULL,2,'2021-05-13 23:57:17','2021-05-13 23:57:27'),(5,1,'asdasd','sdafw234234',1,'2021-05-13 23:57:20','2021-05-13 23:57:27'),(22,10,'Fae attempts spell.','Fae wants to know whats wrong with Charlotte but doing a spell to uncover her sickness. She needs the eclipse and is interrupted by her mother.',0,'2021-06-21 01:20:45','2021-06-21 21:50:50'),(28,11,'Fae finds music box','Fae finds a music box from grandmothers things and reads it out loud.',0,'2021-06-21 01:26:19','2021-06-21 21:52:33'),(29,12,'Introduction Violette','Violette is at university with her best friend Amy. Gets message.',0,'2021-06-21 01:27:10','2021-06-21 21:56:23'),(30,12,'Introduction Brooklyn','Brooklyn is about to do a peformance at her music school but bails in fear. Gets message while at bus stop.',1,'2021-06-21 01:27:16','2021-06-21 21:56:16'),(31,12,'Introduction Colby','Colby is in Perth drinking coffee by the sea, while Drawing in an artbook. Flirts with guy and receives message to leave.',2,'2021-06-21 01:27:21','2021-06-21 21:59:20'),(32,12,'Introduction Margaux','Margaux is working at the pub in central Victoria and gets the message. Leaves on her motorbike. Other option is conversation with Jarad.',3,'2021-06-21 01:27:30','2021-06-21 22:11:44'),(34,12,'They come home','Each sister comes home. Violete and Colby have a discussion/argument.',4,'2021-06-21 01:28:15','2021-06-21 22:16:30'),(35,12,'Decide to stay','The house is badly damaged, and their mother needs their help even though she asks them to leave because its dangerous. They don\'t know what they are dealing with. They refuse and decide to stay.  Even though they are at risk (without access to magic).',6,'2021-06-21 01:28:26','2021-06-21 21:58:25'),(36,11,'Releases 2 spirits','This releases 2 x 2 century year old witches that were inside.',1,'2021-06-21 01:29:06','2021-06-21 21:52:55'),(37,11,'Louise spirit attacks','One is hellbent on attacking Manuelle and uses an attack on Fae and Charlotte to lure Manuelle out.',2,'2021-06-21 01:29:15','2021-06-21 21:53:32'),(38,11,'Manuelle saves them','The dark magic doesn\'t response, Manuelle intervenes and uses her power to attack Louise but in the attempt it almost destroys the home.',5,'2021-06-21 01:29:28','2021-06-21 21:54:59'),(39,11,'Fae calls sisters for help','Fae in danger and not able to get to Charlotte, she uses a spell to call her sisters for help.',3,'2021-06-21 01:29:34','2021-06-21 21:59:03'),(40,10,'Charlotte and Fae argue','Fae asks to do it with Charlotte but Charlotte shuts her down and tells her to not worry about it. Fae is furious because she doesn\'t want to lose her mother and she\'s coughing up blood.',1,'2021-06-21 01:30:02','2021-06-21 21:51:21'),(41,10,'Charlotte takes herb','Charlotte knows she is unwell but does\'t want to concern Fae. She takes a dangerous herb to help keep her symptoms at bay.',2,'2021-06-21 01:30:13','2021-06-21 21:51:49'),(42,13,'Sisters discuss the need for magic',NULL,0,'2021-06-21 02:58:25','2021-06-21 22:21:46'),(44,13,'Margaux furious',NULL,1,'2021-06-21 02:58:48','2021-06-21 22:21:46'),(45,13,'Fae becomes possessed','Fae attempts to reverse the spirit spell but in turn becomes possessed and has a seisure. She\'s shown memories of Manuelles final moments in the fire.',7,'2021-06-21 02:59:12','2021-06-21 22:22:29'),(46,13,'Reawaken their magic - rusty',NULL,2,'2021-06-21 02:59:40','2021-06-21 22:21:46'),(47,14,'Louise lurs Fae',NULL,0,'2021-06-21 03:00:14','2021-06-21 03:00:45'),(48,14,'Manuelle talks to Fae to save family',NULL,1,'2021-06-21 03:00:53','2021-06-21 03:00:53'),(49,14,'Sisters destroy Louise',NULL,2,'2021-06-21 03:01:19','2021-06-21 03:01:19'),(50,14,'M. Blacks prophecy \"box\" time begins',NULL,3,'2021-06-21 03:01:37','2021-06-21 03:01:55'),(51,15,'Mothers death',NULL,0,'2021-06-21 03:02:06','2021-06-21 03:02:06'),(52,15,'childhood life',NULL,1,'2021-06-21 03:02:16','2021-06-21 03:02:16'),(53,15,'magic awakening',NULL,2,'2021-06-21 03:02:19','2021-06-21 03:02:19'),(54,15,'families death',NULL,3,'2021-06-21 03:02:24','2021-06-21 03:02:24'),(55,15,'growing up alone',NULL,4,'2021-06-21 03:02:27','2021-06-21 03:02:27'),(56,15,'meets guy',NULL,5,'2021-06-21 03:02:31','2021-06-21 03:02:31'),(57,15,'louise befriends manuelle',NULL,6,'2021-06-21 03:02:37','2021-06-21 03:02:47'),(58,15,'partner and child carriage accident',NULL,7,'2021-06-21 03:03:03','2021-06-21 03:03:03'),(59,15,'louise betrays manuelle',NULL,8,'2021-06-21 03:03:09','2021-06-21 03:03:09'),(60,15,'manuelle commits suicide with box',NULL,9,'2021-06-21 03:03:15','2021-06-21 03:03:15'),(61,15,'louise becomes trapped as well',NULL,10,'2021-06-21 03:03:21','2021-06-21 03:03:21'),(62,17,'margaux hides block from family',NULL,0,'2021-06-21 03:04:09','2021-06-21 06:33:37'),(63,17,'really angry with mother',NULL,1,'2021-06-21 03:04:16','2021-06-21 06:33:42'),(64,17,'fights with sisters',NULL,2,'2021-06-21 06:28:40','2021-06-21 06:33:49'),(65,17,'talks to dad at grave',NULL,3,'2021-06-21 06:28:45','2021-06-21 06:34:20'),(66,17,'tells sisters and eleanor of block',NULL,4,'2021-06-21 06:28:52','2021-06-21 06:34:20'),(67,17,'charlotte and eleanor release block',NULL,5,'2021-06-21 06:30:45','2021-06-21 06:34:15'),(68,16,'eleanor finds note in mothers things',NULL,0,'2021-06-21 06:31:09','2021-06-21 06:34:12'),(69,16,'finds storage unit of mothers',NULL,1,'2021-06-21 06:31:17','2021-06-21 06:34:27'),(70,16,'uncovers journals and monocle',NULL,2,'2021-06-21 06:31:36','2021-06-21 06:34:29'),(71,16,'sisters study journals',NULL,3,'2021-06-21 06:31:55','2021-06-21 06:34:31'),(72,18,'charlotte is working really hard',NULL,0,'2021-06-21 06:35:27','2021-06-21 06:35:27'),(73,18,'margaux and her are arguing',NULL,1,'2021-06-21 06:35:41','2021-06-21 06:35:41'),(74,18,'afterblock spell she is weak',NULL,2,'2021-06-21 06:35:50','2021-06-21 06:35:50'),(75,18,'charlotte and fae fight',NULL,3,'2021-06-21 06:36:14','2021-06-21 06:36:14'),(76,18,'she collapses',NULL,4,'2021-06-21 06:36:17','2021-06-21 06:36:17'),(77,18,'taken to hospital',NULL,5,'2021-06-21 06:36:22','2021-06-21 06:36:22'),(78,18,'aunt eleanors daughter hannah',NULL,6,'2021-06-21 06:36:30','2021-06-21 06:36:30'),(79,18,'mothers sick - like thyroid diseas',NULL,7,'2021-06-21 06:36:40','2021-06-21 06:36:40'),(80,18,'will atempt to do a healing at night',NULL,8,'2021-06-21 06:36:52','2021-06-21 06:36:52'),(81,18,'violette is frustrated that magic is helpless',NULL,9,'2021-06-21 06:37:26','2021-06-21 06:37:26'),(82,18,'this stirs up family because of dads death',NULL,10,'2021-06-21 06:37:46','2021-06-21 06:37:46'),(83,19,'fae teaches margaux magic',NULL,0,'2021-06-21 06:38:23','2021-06-21 06:38:23'),(84,19,'margauxs magic fire infiltrating',NULL,1,'2021-06-21 06:38:40','2021-06-21 06:38:40'),(85,19,'tries to hide it but fae sees',NULL,2,'2021-06-21 06:38:47','2021-06-21 06:38:47'),(86,19,'manuelle reaches out to margaux',NULL,3,'2021-06-21 06:38:57','2021-06-21 06:38:57'),(87,19,'teaches her in her dream to activate',NULL,4,'2021-06-21 06:39:05','2021-06-21 06:39:05'),(88,19,'margaux almost burns house down',NULL,5,'2021-06-21 06:39:15','2021-06-21 06:39:15'),(89,19,'charlotte saves them all',NULL,6,'2021-06-21 06:39:38','2021-06-21 06:39:38'),(90,19,'charlotte confronts manuelle',NULL,7,'2021-06-21 06:39:42','2021-06-21 06:39:42'),(91,19,'firebrigade come',NULL,8,'2021-06-21 06:39:50','2021-06-21 06:39:50'),(92,19,'Her - brings gloves for margaux',NULL,9,'2021-06-21 06:40:08','2021-06-21 06:40:08'),(93,19,'margaux takes lessons with transgender',NULL,10,'2021-06-21 06:40:16','2021-06-21 06:40:16'),(94,20,'colby notices men watching home',NULL,0,'2021-06-21 06:40:36','2021-06-21 06:40:36'),(95,20,'feel like they are being watched',NULL,1,'2021-06-21 06:40:54','2021-06-21 06:40:54'),(96,20,'hopsital someone takes charlotes blood',NULL,2,'2021-06-21 06:41:06','2021-06-21 06:41:06'),(97,20,'daughters come home to house entered',NULL,3,'2021-06-21 06:41:15','2021-06-21 06:41:15'),(98,21,'colby dreams about a symbol',NULL,0,'2021-06-21 06:41:40','2021-06-21 06:41:40'),(99,21,'monocle has the symbol',NULL,1,'2021-06-21 06:41:49','2021-06-21 06:41:49'),(100,21,'dreams grandmothers house',NULL,2,'2021-06-21 06:41:56','2021-06-21 06:41:56'),(101,21,'goes to grandmothers house',NULL,3,'2021-06-21 06:42:01','2021-06-21 06:42:01'),(102,21,'explores paintings',NULL,4,'2021-06-21 06:42:07','2021-06-21 06:42:07'),(103,21,'finds codes on the paintings',NULL,6,'2021-06-21 06:42:13','2021-06-21 06:42:25'),(104,21,'finds symbol on paintins',NULL,5,'2021-06-21 06:42:20','2021-06-21 06:42:25'),(105,21,'reads code and places mmonole on symbol',NULL,7,'2021-06-21 06:42:34','2021-06-21 06:42:34'),(106,21,'transports back in time',NULL,8,'2021-06-21 06:42:42','2021-06-21 06:42:42'),(107,21,'meets grandmother young',NULL,9,'2021-06-21 06:42:49','2021-06-21 06:42:49'),(108,21,'meets great grandmother old',NULL,10,'2021-06-21 06:42:54','2021-06-21 06:42:54'),(109,21,'learns about journals ancestors',NULL,11,'2021-06-21 06:44:51','2021-06-21 06:44:56'),(110,21,'gives warning - something is coming',NULL,12,'2021-06-21 06:45:40','2021-06-21 06:45:40'),(111,22,'manuelle is trying to be summoned',NULL,1,'2021-06-21 06:46:43','2021-06-21 06:47:44'),(112,22,'tries to build trust with fae with visions',NULL,2,'2021-06-21 06:46:52','2021-06-21 06:47:44'),(113,22,'teaches fae whole history',NULL,3,'2021-06-21 06:47:09','2021-06-21 06:47:44'),(114,22,'manuelle weakened in louise attack',NULL,0,'2021-06-21 06:47:38','2021-06-21 06:47:44'),(115,22,'fae realises that manuelle is an ancestor',NULL,4,'2021-06-21 06:48:20','2021-06-21 06:48:20'),(116,22,'that the first journal is her daughter',NULL,5,'2021-06-21 06:48:28','2021-06-21 06:48:28'),(117,22,'that the music box was her',NULL,6,'2021-06-21 06:50:45','2021-06-21 06:50:45'),(118,22,'that it holds a secret','that all the journal ancestors didn\'t know.. until Mary black realised something was wrong and had the prophecy.',7,'2021-06-21 06:51:24','2021-06-21 06:52:22'),(119,22,'that this secret is connected to prophecy',NULL,8,'2021-06-21 06:53:10','2021-06-21 06:53:10'),(120,23,'power goes off',NULL,0,'2021-06-21 06:54:22','2021-06-21 06:54:22'),(121,23,'jarads father arrives - they\'re coming',NULL,1,'2021-06-21 06:54:32','2021-06-21 06:54:32'),(122,23,'Family escapes - men attack home',NULL,2,'2021-06-21 06:54:55','2021-06-21 06:54:55'),(123,23,'Manuelle gies them time to escape',NULL,3,'2021-06-21 06:56:23','2021-06-21 06:56:23'),(124,23,'they hide out',NULL,4,'2021-06-21 06:56:29','2021-06-21 06:56:29'),(125,23,'manuelle is furious with jarad',NULL,5,'2021-06-21 06:56:34','2021-06-21 06:56:34'),(126,23,'make it out and travel to safe house',NULL,6,'2021-06-21 06:56:48','2021-06-21 06:56:48'),(127,23,'amy and violette are at university',NULL,7,'2021-06-21 06:57:18','2021-06-21 06:57:18'),(128,23,'emergency lighting goes off',NULL,8,'2021-06-21 06:57:25','2021-06-21 06:57:25'),(129,23,'attacked',NULL,9,'2021-06-21 06:57:27','2021-06-21 06:57:27'),(130,23,'they escape',NULL,10,'2021-06-21 06:57:31','2021-06-21 06:57:31'),(131,23,'amy was hit with dart',NULL,11,'2021-06-21 06:57:37','2021-06-21 06:57:37'),(132,23,'body slows down but is ok',NULL,12,'2021-06-21 06:57:42','2021-06-21 06:57:42'),(133,23,'they are picked up and taken tos afe house',NULL,13,'2021-06-21 06:57:51','2021-06-21 06:57:51'),(134,24,'Jarads father explains who they are',NULL,0,'2021-06-21 06:58:19','2021-06-21 06:58:19'),(135,24,'eleanors guard is also one',NULL,1,'2021-06-21 06:58:25','2021-06-21 06:58:25'),(136,24,'explains their history, purpose',NULL,2,'2021-06-21 06:58:33','2021-06-21 06:58:33'),(137,23,'witches recieve message - go in hiding',NULL,14,'2021-06-21 06:58:57','2021-06-21 06:58:57'),(138,25,'eleanor isn\'t contactable',NULL,0,'2021-06-21 06:59:08','2021-06-21 06:59:08'),(139,25,'charlotte and team find appartment',NULL,1,'2021-06-21 06:59:40','2021-06-21 06:59:40'),(140,25,'shes been taken',NULL,2,'2021-06-21 06:59:44','2021-06-21 06:59:44'),(141,25,'building footage of eleanor in restaraunt',NULL,3,'2021-06-21 07:00:02','2021-06-21 07:00:02'),(142,25,'she was taken after accident w/bloo',NULL,4,'2021-06-21 07:00:17','2021-06-21 07:05:00'),(143,26,'amy researches the dart',NULL,0,'2021-06-21 07:00:48','2021-06-21 07:00:48'),(144,26,'how it interacts with ehr bloood',NULL,1,'2021-06-21 07:00:53','2021-06-21 07:00:53'),(145,26,'interacts differently with charlottes',NULL,2,'2021-06-21 07:01:02','2021-06-21 07:01:02'),(146,26,'the serum slows the witches magic',NULL,3,'2021-06-21 07:01:11','2021-06-21 07:01:11'),(147,26,'helps them be controlled',NULL,4,'2021-06-21 07:01:26','2021-06-21 07:05:48'),(148,26,'addictable drug',NULL,5,'2021-06-21 07:01:31','2021-06-21 07:24:14'),(149,25,'enlighteneds takes eleanor hostage',NULL,5,'2021-06-21 07:03:42','2021-06-21 07:05:00'),(150,25,'discuss her bloodline',NULL,6,'2021-06-21 07:03:50','2021-06-21 07:04:24'),(151,26,'amy uncovers black family blood is different',NULL,6,'2021-06-21 07:05:34','2021-06-21 07:05:50'),(152,28,'charlotte and team plan rescue',NULL,0,'2021-06-21 07:11:17','2021-06-21 07:19:00'),(153,27,'while charlotte team go to rescue',NULL,0,'2021-06-21 07:12:51','2021-06-21 07:12:51'),(154,27,'others are on travel route',NULL,1,'2021-06-21 07:13:11','2021-06-21 07:13:11'),(155,27,'meeting is near alice springs',NULL,2,'2021-06-21 07:13:16','2021-06-21 07:13:16'),(156,27,'must trek to area',NULL,3,'2021-06-21 07:13:21','2021-06-21 07:13:21'),(157,27,'arrive to big hidden witches cmaping',NULL,4,'2021-06-21 07:13:38','2021-06-21 07:13:38'),(158,27,'set up tent',NULL,5,'2021-06-21 07:13:45','2021-06-21 07:13:45'),(159,27,'a lot of women are scared',NULL,6,'2021-06-21 07:13:50','2021-06-21 07:13:50'),(160,27,'conference is held',NULL,7,'2021-06-21 07:14:06','2021-06-21 07:14:06'),(161,27,'decisions to hide - not fight',NULL,9,'2021-06-21 07:14:16','2021-06-21 07:15:04'),(162,27,'her is furious','because witches including eleanor have gone missing.',10,'2021-06-21 07:14:41','2021-06-21 07:15:04'),(163,27,'He wants to fight them.',NULL,8,'2021-06-21 07:14:56','2021-06-21 07:15:11'),(164,27,'her begins plan to uncover who these ppl are',NULL,11,'2021-06-21 07:15:44','2021-06-21 07:15:44'),(165,27,'brookly discovers aboriginal art',NULL,12,'2021-06-21 07:15:57','2021-06-21 07:15:57'),(166,27,'magic through the ages',NULL,13,'2021-06-21 07:16:03','2021-06-21 07:16:03'),(167,27,'gods from above history',NULL,14,'2021-06-21 07:16:09','2021-06-21 07:16:09'),(168,27,'tells her to go on her own path',NULL,15,'2021-06-21 07:16:18','2021-06-21 07:16:18'),(169,27,'Eleanors death news happens',NULL,16,'2021-06-21 07:16:31','2021-06-21 07:16:31'),(170,27,'Brooklyn leaves - finds air magic',NULL,17,'2021-06-21 07:16:44','2021-06-21 07:16:44'),(171,28,'charlotte and knights templar',NULL,1,'2021-06-21 07:17:05','2021-06-21 07:19:00'),(172,28,'location spell fails.',NULL,2,'2021-06-21 07:17:23','2021-06-21 07:19:00'),(173,28,'knights templar follow car - locate cottage',NULL,3,'2021-06-21 07:17:36','2021-06-21 07:19:00'),(174,28,'go in to attack but too late',NULL,4,'2021-06-21 07:17:55','2021-06-21 07:19:00'),(175,28,'eleanor is left their dead',NULL,5,'2021-06-21 07:18:31','2021-06-21 07:19:00'),(176,25,'interogate her with controlled witch',NULL,7,'2021-06-21 07:19:15','2021-06-21 07:19:15'),(177,25,'they ask about the bloodline',NULL,8,'2021-06-21 07:20:01','2021-06-21 07:20:01'),(178,25,'a secret of great power',NULL,9,'2021-06-21 07:20:08','2021-06-21 07:20:08'),(179,25,'shes not helping them/she doesnt know',NULL,10,'2021-06-21 07:21:32','2021-06-21 07:21:32'),(180,25,'they need to leave',NULL,11,'2021-06-21 07:21:48','2021-06-21 07:21:48'),(181,25,'they kill the other witch',NULL,12,'2021-06-21 07:21:58','2021-06-21 07:21:58'),(182,25,'eleanor writes in the blood \"our blood\"',NULL,13,'2021-06-21 07:24:18','2021-06-21 07:24:18'),(183,28,'they see \"our blood\"',NULL,6,'2021-06-21 07:24:31','2021-06-21 07:24:31'),(184,30,'family attend funeral',NULL,0,'2021-06-21 07:25:13','2021-06-21 07:25:13'),(185,30,'her is planning attack',NULL,1,'2021-06-21 07:25:22','2021-06-21 07:25:22'),(186,30,'fae realises that its not eleanor',NULL,2,'2021-06-21 07:25:34','2021-06-21 07:25:34'),(187,30,'she releases the mask',NULL,3,'2021-06-21 07:25:49','2021-06-21 07:25:49'),(188,30,'eleanor is still alive',NULL,4,'2021-06-21 07:25:55','2021-06-21 07:25:55'),(189,30,'they don\'t understand that type of magic',NULL,5,'2021-06-21 07:26:03','2021-06-21 07:26:03'),(190,30,'or how fae knew',NULL,6,'2021-06-21 07:26:07','2021-06-21 07:26:07'),(191,32,'eleanors message tells them','they after our blood',0,'2021-06-21 07:26:40','2021-06-21 07:29:05'),(192,32,'where did that magic come from',NULL,2,'2021-06-21 07:27:00','2021-06-21 07:29:53'),(193,32,'charlotte agrees the will work together',NULL,3,'2021-06-21 07:27:10','2021-06-21 07:29:53'),(194,32,'her supports them',NULL,4,'2021-06-21 07:27:23','2021-06-21 07:29:53'),(195,32,'connect the blood, bloodline, secret',NULL,1,'2021-06-21 07:29:46','2021-06-21 07:29:53'),(196,11,'Charlottes dark magic.','Charlotte uses dark magic to attempt to banish the spirit when light magic doesn\'t work. It takes it\'s toll.',4,'2021-06-21 21:54:26','2021-06-21 21:54:31'),(197,11,'House burning - neigbours','Santasia and Marlina find them in the fire. Sirens in distance. See white circle.',6,'2021-06-21 22:15:09','2021-06-21 22:15:09'),(198,12,'What happened is discussed','Determine that it\'s a spirit. Few issues with that.',5,'2021-06-21 22:16:26','2021-06-21 22:16:30'),(199,12,'Charlotte and Marlina discuss Fae','And the potential of her crossing a spirit by herself.',7,'2021-06-21 22:17:24','2021-06-21 22:17:24'),(200,12,'Fae keeps music box secret.',NULL,8,'2021-06-21 22:18:12','2021-06-21 22:18:12'),(201,13,'Sisters talk guilt','They reminise on charlottes bed about old times and whats currently happening. They feel guilty for not being home.',3,'2021-06-21 22:19:33','2021-06-21 22:21:46'),(202,13,'Sisters talk guilt','They reminise on charlottes bed about old times and whats currently happening. They feel guilty for not being home.',4,'2021-06-21 22:19:34','2021-06-21 22:21:46'),(203,13,'Fae tells about Charlotte','Explains whats been happening.  Margaux is furious with charlotte for keeping secrets again.',5,'2021-06-21 22:20:12','2021-06-21 22:21:46'),(204,13,'House is protected','grid around the house by santasia and crystal that warns of a spirit.',6,'2021-06-21 22:20:53','2021-06-21 22:21:49'),(205,13,'Family discusses music box','Its their grandmothers, charlotte leaves to take it to Her to discuss.',8,'2021-06-21 22:23:18','2021-06-21 22:23:18'),(206,13,'Colby and Violette feel helpless','They saw their sister in pain and couldnt help her, charlotte could because she used magic. What they are facing they are helpless.',9,'2021-06-21 22:23:38','2021-06-21 22:23:48'),(207,13,'Charlotte and Marlina leave','They take the box to her in city',10,'2021-06-21 22:25:03','2021-06-21 22:25:03'),(208,13,'Charlotte and Marlina leave','They take the box to her in city',11,'2021-06-21 22:25:04','2021-06-21 22:25:04'),(209,13,'Sisters discuss reigniting magic.','Margaux refuses, but other agree.',12,'2021-06-21 22:25:55','2021-06-21 22:25:55'),(210,13,'Sisters reignite magic',NULL,13,'2021-06-21 22:27:07','2021-06-21 22:27:07'),(211,13,'Coven meeting','We meet Eleanor and coven. They discuss the box and the power it holds.',14,'2021-06-21 22:35:10','2021-06-21 22:35:10'),(214,36,'Liz sees postman arrive and tells sisters','When the postman appear at the top of the street, she hastily tells her mother of the arrival.',0,'2021-07-13 09:25:03','2021-07-13 09:25:03'),(215,36,'Mother cries out in alarm','They\'ve been waiting for this moment for 3 weeks she announces as she runs down stairs. 2 at a time.',1,'2021-07-13 09:25:30','2021-07-13 09:25:56');
/*!40000 ALTER TABLE `event_items` ENABLE KEYS */;
UNLOCK TABLES;

--
-- Table structure for table `events`
--

DROP TABLE IF EXISTS `events`;
/*!40101 SET @saved_cs_client     = @@character_set_client */;
/*!50503 SET character_set_client = utf8mb4 */;
CREATE TABLE `events` (
  `id` bigint unsigned NOT NULL AUTO_INCREMENT,
  `book_id` bigint unsigned NOT NULL,
  `title` varchar(255) COLLATE utf8mb4_unicode_ci NOT NULL,
  `description` varchar(255) COLLATE utf8mb4_unicode_ci DEFAULT NULL,
  `order` tinyint DEFAULT NULL,
  `created_at` timestamp NULL DEFAULT NULL,
  `updated_at` timestamp NULL DEFAULT NULL,
  PRIMARY KEY (`id`),
  KEY `events_book_id_foreign` (`book_id`),
  CONSTRAINT `events_book_id_foreign` FOREIGN KEY (`book_id`) REFERENCES `books` (`id`)
) ENGINE=InnoDB AUTO_INCREMENT=39 DEFAULT CHARSET=utf8mb4 COLLATE=utf8mb4_unicode_ci;
/*!40101 SET character_set_client = @saved_cs_client */;

--
-- Dumping data for table `events`
--

LOCK TABLES `events` WRITE;
/*!40000 ALTER TABLE `events` DISABLE KEYS */;
INSERT INTO `events` VALUES (1,1,'Event 1',NULL,NULL,'2021-03-29 20:25:31','2021-03-29 20:25:31'),(2,1,'Event 2',NULL,NULL,'2021-03-29 20:25:41','2021-03-29 20:25:41'),(3,2,'Event 1',NULL,NULL,'2021-05-15 01:45:19','2021-05-15 01:45:19'),(10,3,'Charlotte is sick',NULL,NULL,'2021-06-21 01:08:10','2021-06-21 01:08:20'),(11,3,'Spirits Released',NULL,NULL,'2021-06-21 01:08:22','2021-06-21 01:08:29'),(12,3,'Sisters come home',NULL,NULL,'2021-06-21 01:08:30','2021-06-21 01:08:38'),(13,3,'Sisters Reignite Magic',NULL,NULL,'2021-06-21 01:09:02','2021-06-21 01:09:15'),(14,3,'Prophecy Revealed',NULL,NULL,'2021-06-21 01:09:17','2021-06-21 01:09:26'),(15,3,'Manuelle history shown',NULL,NULL,'2021-06-21 01:09:28','2021-06-21 01:10:40'),(16,3,'Eleanor storage unit',NULL,NULL,'2021-06-21 01:09:49','2021-06-21 06:34:39'),(17,3,'Margaux Magic block/unblock',NULL,NULL,'2021-06-21 01:09:55','2021-06-21 06:34:36'),(18,3,'Charlotte collapses',NULL,NULL,'2021-06-21 01:11:28','2021-06-21 01:11:46'),(19,3,'Margaux fire magic',NULL,NULL,'2021-06-21 01:11:48','2021-06-21 01:12:02'),(20,3,'Men watching them',NULL,NULL,'2021-06-21 01:12:03','2021-06-21 01:12:08'),(21,3,'Colby back in time',NULL,NULL,'2021-06-21 01:12:09','2021-06-21 01:12:18'),(22,3,'Manuelle warning',NULL,NULL,'2021-06-21 01:12:19','2021-06-21 01:12:32'),(23,3,'Family attacked/hiding',NULL,NULL,'2021-06-21 01:12:34','2021-06-21 01:12:44'),(24,3,'Knights templar revealed',NULL,NULL,'2021-06-21 01:12:45','2021-06-21 01:12:53'),(25,3,'Eleanor kidnaped',NULL,NULL,'2021-06-21 01:12:54','2021-06-21 01:13:00'),(26,3,'DNA diferences',NULL,NULL,'2021-06-21 01:13:02','2021-06-21 07:04:30'),(27,3,'National meeting',NULL,NULL,'2021-06-21 01:13:17','2021-06-21 01:13:30'),(28,3,'Eleanor rescue',NULL,NULL,'2021-06-21 01:13:33','2021-06-21 01:13:38'),(30,3,'Eleanors death/funeral/fake',NULL,NULL,'2021-06-21 01:13:52','2021-06-21 01:14:09'),(32,3,'Plan to attack',NULL,NULL,'2021-06-21 07:28:43','2021-06-21 07:28:54'),(36,11,'A letter arrives','A letter arrives at the home that causes chaos amongst the family members and their perception on society.',NULL,'2021-07-13 09:23:57','2021-07-13 09:24:28'),(38,3,'Event 22',NULL,NULL,'2021-07-26 22:56:06','2021-07-26 22:56:06');
/*!40000 ALTER TABLE `events` ENABLE KEYS */;
UNLOCK TABLES;

--
-- Table structure for table `failed_jobs`
--

DROP TABLE IF EXISTS `failed_jobs`;
/*!40101 SET @saved_cs_client     = @@character_set_client */;
/*!50503 SET character_set_client = utf8mb4 */;
CREATE TABLE `failed_jobs` (
  `id` bigint unsigned NOT NULL AUTO_INCREMENT,
  `uuid` varchar(255) COLLATE utf8mb4_unicode_ci NOT NULL,
  `connection` text COLLATE utf8mb4_unicode_ci NOT NULL,
  `queue` text COLLATE utf8mb4_unicode_ci NOT NULL,
  `payload` longtext COLLATE utf8mb4_unicode_ci NOT NULL,
  `exception` longtext COLLATE utf8mb4_unicode_ci NOT NULL,
  `failed_at` timestamp NOT NULL DEFAULT CURRENT_TIMESTAMP,
  PRIMARY KEY (`id`),
  UNIQUE KEY `failed_jobs_uuid_unique` (`uuid`)
) ENGINE=InnoDB DEFAULT CHARSET=utf8mb4 COLLATE=utf8mb4_unicode_ci;
/*!40101 SET character_set_client = @saved_cs_client */;

--
-- Dumping data for table `failed_jobs`
--

LOCK TABLES `failed_jobs` WRITE;
/*!40000 ALTER TABLE `failed_jobs` DISABLE KEYS */;
/*!40000 ALTER TABLE `failed_jobs` ENABLE KEYS */;
UNLOCK TABLES;

--
-- Table structure for table `migrations`
--

DROP TABLE IF EXISTS `migrations`;
/*!40101 SET @saved_cs_client     = @@character_set_client */;
/*!50503 SET character_set_client = utf8mb4 */;
CREATE TABLE `migrations` (
  `id` int unsigned NOT NULL AUTO_INCREMENT,
  `migration` varchar(255) COLLATE utf8mb4_unicode_ci NOT NULL,
  `batch` int NOT NULL,
  PRIMARY KEY (`id`)
) ENGINE=InnoDB AUTO_INCREMENT=31 DEFAULT CHARSET=utf8mb4 COLLATE=utf8mb4_unicode_ci;
/*!40101 SET character_set_client = @saved_cs_client */;

--
-- Dumping data for table `migrations`
--

LOCK TABLES `migrations` WRITE;
/*!40000 ALTER TABLE `migrations` DISABLE KEYS */;
INSERT INTO `migrations` VALUES (1,'2014_10_12_000000_create_users_table',1),(2,'2014_10_12_100000_create_password_resets_table',1),(3,'2014_10_12_200000_add_two_factor_columns_to_users_table',1),(4,'2019_08_19_000000_create_failed_jobs_table',1),(5,'2019_12_14_000001_create_personal_access_tokens_table',1),(6,'2020_05_21_100000_create_teams_table',1),(7,'2020_05_21_200000_create_team_user_table',1),(8,'2020_10_02_171530_create_sessions_table',1),(9,'2020_10_19_003057_add_profile_fields_to_users_table',1),(10,'2020_11_11_023751_create_books_table',1),(11,'2020_11_13_205139_create_breakdowns_table',1),(12,'2020_11_28_131607_create_story_plans_table',1),(13,'2020_11_28_184456_create_character_groups_table',1),(14,'2020_11_28_184545_create_characters_table',1),(15,'2020_12_05_170956_add_status_to_milestones_table',1),(16,'2020_12_20_014416_create_character_attributes_table',1),(17,'2020_12_20_120309_create_notes_table',1),(18,'2021_01_07_121938_add_stripe_toke_to_users_table',1),(19,'2021_01_13_070115_add_type_to_characters_table',1),(20,'2021_01_18_023042_create_chapters_table',1),(21,'2021_01_31_142525_create_events_table',1),(22,'2021_01_31_144729_create_event_items_table',1),(23,'2021_02_23_082543_add_delete_cascade_to_character_attributes_table',1),(24,'2015_04_12_000000_create_orchid_users_table',2),(25,'2015_10_19_214424_create_orchid_roles_table',2),(26,'2015_10_19_214425_create_orchid_role_users_table',2),(27,'2016_08_07_125128_create_orchid_attachmentstable_table',2),(28,'2017_09_17_125801_create_notifications_table',2),(29,'2021_06_22_214032_add_is_admin_to_users_table',2),(30,'2021_08_11_234429_add_stripe_subscription_periods_for_users_table',3);
/*!40000 ALTER TABLE `migrations` ENABLE KEYS */;
UNLOCK TABLES;

--
-- Table structure for table `milestones`
--

DROP TABLE IF EXISTS `milestones`;
/*!40101 SET @saved_cs_client     = @@character_set_client */;
/*!50503 SET character_set_client = utf8mb4 */;
CREATE TABLE `milestones` (
  `id` bigint unsigned NOT NULL AUTO_INCREMENT,
  `book_id` bigint unsigned NOT NULL,
  `status` tinyint NOT NULL,
  `due_date` date NOT NULL,
  `type` varchar(255) COLLATE utf8mb4_unicode_ci NOT NULL,
  `title` varchar(255) COLLATE utf8mb4_unicode_ci NOT NULL,
  `created_at` timestamp NULL DEFAULT NULL,
  `updated_at` timestamp NULL DEFAULT NULL,
  PRIMARY KEY (`id`),
  KEY `milestones_book_id_foreign` (`book_id`),
  CONSTRAINT `milestones_book_id_foreign` FOREIGN KEY (`book_id`) REFERENCES `books` (`id`)
) ENGINE=InnoDB AUTO_INCREMENT=12 DEFAULT CHARSET=utf8mb4 COLLATE=utf8mb4_unicode_ci;
/*!40101 SET character_set_client = @saved_cs_client */;

--
-- Dumping data for table `milestones`
--

LOCK TABLES `milestones` WRITE;
/*!40000 ALTER TABLE `milestones` DISABLE KEYS */;
INSERT INTO `milestones` VALUES (7,11,1,'2021-07-17','Breakdown','Settings','2021-07-13 09:18:59','2021-07-13 09:19:20'),(8,11,0,'2021-07-14','Characters','Main Characters','2021-07-13 09:19:35','2021-07-13 09:19:48'),(9,11,1,'2021-07-22','Notes','General','2021-07-13 09:20:05','2021-07-13 09:20:16'),(10,3,0,'2021-07-13','Story Planning','Objective','2021-07-26 22:47:19','2021-07-26 22:47:19'),(11,3,2,'2021-07-13','Characters','Protagonists','2021-07-26 22:47:54','2021-07-26 22:48:12');
/*!40000 ALTER TABLE `milestones` ENABLE KEYS */;
UNLOCK TABLES;

--
-- Table structure for table `notes`
--

DROP TABLE IF EXISTS `notes`;
/*!40101 SET @saved_cs_client     = @@character_set_client */;
/*!50503 SET character_set_client = utf8mb4 */;
CREATE TABLE `notes` (
  `id` bigint unsigned NOT NULL AUTO_INCREMENT,
  `book_id` bigint unsigned NOT NULL,
  `group` tinyint NOT NULL,
  `title` varchar(255) COLLATE utf8mb4_unicode_ci NOT NULL,
  `content` text COLLATE utf8mb4_unicode_ci,
  `created_at` timestamp NULL DEFAULT NULL,
  `updated_at` timestamp NULL DEFAULT NULL,
  PRIMARY KEY (`id`),
  KEY `notes_book_id_foreign` (`book_id`),
  CONSTRAINT `notes_book_id_foreign` FOREIGN KEY (`book_id`) REFERENCES `books` (`id`)
) ENGINE=InnoDB AUTO_INCREMENT=16 DEFAULT CHARSET=utf8mb4 COLLATE=utf8mb4_unicode_ci;
/*!40101 SET character_set_client = @saved_cs_client */;

--
-- Dumping data for table `notes`
--

LOCK TABLES `notes` WRITE;
/*!40000 ALTER TABLE `notes` DISABLE KEYS */;
INSERT INTO `notes` VALUES (1,1,0,'asdasdasda','<p>123asdasdasdasdasd</p>','2021-03-29 20:17:41','2021-03-29 20:17:46'),(2,3,1,'Bobs Your Uncle',NULL,'2021-05-16 22:00:06','2021-05-16 22:00:06'),(3,1,1,'asdasda',NULL,'2021-05-18 09:41:14','2021-05-18 09:41:14'),(4,1,0,'a213123',NULL,'2021-05-18 09:41:17','2021-05-18 09:41:17'),(5,3,2,'Book Series Timeline (old)','<p><strong>EPISODE ONE “GHOSTS OF PAST”</strong></p><p><strong>Family separated, living normal lives.&nbsp;</strong></p><p><strong>Fae calls sisters for help - concern on Charlotte’s health.</strong></p><p><strong>Fae unleashes 2 spirits from Music Box.</strong></p><p><strong>Spirits attack Fae and Charlotte - Destroy Home.</strong></p><p><strong>Sisters come home - no one knows what happened.</strong></p><p><strong>Sisters decide to reuse magic - except Margaux (Very Angry about decision)</strong></p><p><strong>Manuelle Spirit Possess Fae - informs of two spirits to family.</strong></p><p><strong>Concerns of Europe have escalated.</strong></p><p><strong>Coven is informed of Spirits. “Her” is looking into it.</strong></p><p><strong>Sisters visit father\'s grave.&nbsp;</strong></p><p><strong>Fae becomes possessed by “Louise” Spirit - spirit attempts to kill Fae by drowning.</strong></p><p><strong>Sisters burn spirit and save Fae.&nbsp;</strong></p><p><strong>Family and neighbours send spirit back to spirit realm.</strong></p><p>________________________________________________________________</p><p><strong>EPISODE TWO “THE JOURNALS”</strong></p><p><strong>PAST - Elizabeth gives Manuelle to her servant Alkina..&nbsp;</strong></p><p><strong>Eleanor looks through mother belongings.&nbsp;</strong></p><p><strong>PAST - Manuelle grows up with Alkina’s family in the country.</strong></p><p><strong>Eleanor finds storage unit.</strong></p><p><strong>Sisters try and work out what’s wrong with Charlotte.&nbsp;</strong></p><p><strong>Manuelle Ghost attempts contact with Fae.</strong></p><p><strong>PAST - Manuelle finds a journal and begins to read and write.</strong></p><p><strong>Fae skips school to learn what visuals Manuelle is showing her.</strong></p><p><strong>PAST - Manuelle discovers her magic.&nbsp;</strong></p><p><strong>PAST - Alikna talks to her about her mother and magic. Gives Manuelle music box and envelope to open.</strong></p><p><strong>Sisters plan a health revealing spell. Margaux refuses magic They fight.</strong></p><p><strong>Margaux admits to magic block.</strong></p><p><strong>Colby dreams symbol.</strong></p><p><strong>Eleanor finds Chest and locked box.</strong></p><p><strong>PAST - Manuelle finds Alkina and family killed - She buries them and lives alone.</strong></p><p><strong>Eleanor finds journals.&nbsp;</strong></p><p><strong>Sisters attempt spell – Fae is possessed. Manuelle reveals warning and symbol.</strong></p><p><strong>Charlotte is tranced and lured to garden – wakes up in grassy symbol.</strong></p><p>______________________________________________________________________________</p><p><strong>EPISODE TWO “MEN IN THE NIGHT”</strong></p><p><strong>Journals date back 200 years. Can’t open locked box.&nbsp;</strong></p><p><strong>Sisters begin to think there’s nothing wrong with Charlotte.</strong></p><p><strong>PAST - Manuelle is 18, still living in Alkinas home. Man takes interest in her.</strong></p><p><strong>Fae attempts to learn visuals of land at the library.</strong></p><p><strong>Jarad and Amy arrive.</strong></p><p><strong>Colby visits town and Santasia’s workshop – feels being watched.</strong></p><p><strong>Colby sees painting with similar symbol in artwork.</strong></p><p><strong>PAST – Manuelle begins to trust man and like him.</strong></p><p><strong>Charlotte is called to school and informed of Fae missing school.&nbsp;</strong></p><p><strong>Charlotte does search spell and brings Fae home from Library as Fae learns of town witch suicide.&nbsp;</strong></p><p><strong>Fae and Charlotte Fight – Charlotte collapses and is taken to hospital by sisters.</strong></p><p><strong>Doctor tells the symptoms of cancer and thyroid disease.&nbsp;</strong></p><p><strong>Colby has a sense of being watched at hospital.</strong></p><p><strong>Violette sees man in another room at the hospital. Terminal.</strong></p><p><strong>Sisters go home – house feels like someone has been inside.</strong></p><p><strong>Man takes blood from Charlotte at hospital.</strong></p><p>______________________________________________________________________________</p><p><strong>EPISODE THREE “MEN IN THE NIGHT”</strong></p><p><strong>Aunt Eleanor arrives.&nbsp; Amy stayed the night.</strong></p><p><strong>Eleanor gives the daughters the journals and box – project for them.&nbsp;</strong></p><p><strong>Sisters work on Health Spell. Colby fascinated by box artwork.</strong></p><p><strong>Brooklyn’s birthday coming up. Eleanor wants to do inauguration.&nbsp;</strong></p><p><strong>Margaux reveals block. Eleanor’s furious.</strong></p><p></p><p>Fire Element comes to life. Margaux.</p><p>Transgender Witch, teaches Margaux to control.</p><p>Colby accidentally travels back in time.&nbsp;</p><p>Manuelle is released, ‘The Secret’ is mentioned.</p><p>Margaux and Aunt Eleanor travel to America for insight on Fire Element Witch.</p><p>Blood is Questioned, Bloodline is concerned.</p><p>Illuminati come after family, Family go into hiding.</p><p>Air Element comes to life. Brooklyn, - last episode</p><p>Travel to Alice Springs.</p><p></p>','2021-06-12 23:07:24','2021-06-21 01:17:55'),(6,3,0,'Main Events - Season One','<p><strong>Begining:</strong></p><p>- Charlottes sick</p><p>- Spirits released</p><p>- Sisters come home</p><p>- Sisters reignite Magic</p><p>- Prophecy revealed</p><p>- Manuelle spirit history revealed</p><p>- Margaux magic block/unblockElean</p><p>- Eleanor finds storage unit with box and journals</p><p>- Charlotte collapses</p><p>- Margaux magix turns to fire</p><p>- Men watching them</p><p>- Colby goes back in time and learns about their bloodline/journals indication</p><p>- Manuelle warns them of the enlightened and a secret we protected</p><p>- Family attacked and go into hiding</p><p>- jarad and knights templar revealed</p><p>- Eleanor is kidnapped</p><p>- Violette uncovers blood DNA differences</p><p>- National meeting is called</p><p>- Charlotte and eldest sisters go to find eleanor with knights templar</p><p>- Others go to national meeting - decision to remain in hiding.</p><p>- Brooklyns air magic ignited by aboriginals</p><p>- They find eleanor dead.</p><p>- Funeral for eleanor - Fae uncovers its not her. Shes still alive.</p><p></p>','2021-06-12 23:25:07','2021-06-21 01:11:10'),(7,3,0,'Witches Book 1 - Outline (Hero\'s Journey)','<p><strong>1. Ordinary World</strong></p><p>- Fae and Charlotte introduced in normal lives.</p><p>- Hint of Charlotte being sick. </p><p>- Fae releases Spirit, Fae and Charlotte attacked by louise and saved by Manuelle. </p><p>- Sisters introduced in their world. </p><p>- Recieve Fae\'s call for help. </p><p>- Sisters return home to house destroyed. </p><p>- Painful memories to be back.</p><p></p><p><strong>2. Call to Adventure</strong></p><p>- They make the decision to stay and help recover the home. </p><p>- </p><p></p><p>3. </p><p></p>','2021-06-12 23:48:14','2021-06-21 00:04:01'),(8,3,2,'After book 1 ideas','<p>Questions of why witches have their gift.</p><p>Who are they? What are they? Why are they different?</p><p>Ancient Civilisation oddities. Questions of Alien existence.&nbsp;</p><p>The planet\'s health is deteriorating. Natural disasters are occurring regularly.&nbsp;</p><p>People are feeling fear, anger, negative emotions. Not themselves.&nbsp;</p><p>The days are growing darker.</p><p>Family travels to Egypt to investigate these ancient civilizations.&nbsp;</p><p>Secret revealed.&nbsp;</p><p>They are descendants from an Ancient Alien Civilization who came to earth thousands and thousands of years ago.&nbsp;</p><p>“We are the secret, that is why we are different”</p><p>Discoveries of their ancestors.</p><p>Questions of why did they not return?</p><p>What happened to them? Why did they leave us? Where are they?</p><p>Can they help? How do we contact them?</p><p>Journals Reveal a map.&nbsp;</p><p>Keys, portals to send a message to Ancients.&nbsp;</p><p>Journey to find keys and portals.</p><p>Open portals. Fae doesn’t wake up. Body begins to die.</p><p>Sisters use their elemental powers to bring her back to life, almost burning themselves out. Fae awakes.&nbsp;</p><p>Something is heading towards earth.&nbsp;</p><p>Ancients arrive. Historical earth moment.&nbsp;</p><p>Earthiens and Ancients discuss the darkness effecting the universe.&nbsp;</p><p>Planets have been destroyed. Many lives lost.</p><p>The balance is unbalanced. Good and Evil. Ying and Yang. Light and dark.</p><p>Darkness here is what we would call hell.</p><p>Dantes inferno (The nine hells)</p><p>God is our light. Question of his existence.</p><p>Mary, Mary Magdalene. The fourth gospel.&nbsp;</p><p>Spirit witch to contact him.&nbsp;</p><p>Fae approaches tree. Blleds, falls, dies. Fae travels to the inferno. Awakes and says god is here. God will help.&nbsp;</p><p>The ultimate light and the ultimate dark. People go mad, darkness spreads.&nbsp;</p><p>War.</p><p>Charlotte dies.</p><p>Defeat darkness.&nbsp;</p><p>Family travel to atlantis.</p>','2021-06-21 01:17:15','2021-06-21 01:17:32'),(9,3,2,'Book 1 Outline','<p><strong>ONE</strong></p><p><strong><em>“GHOSTS OF PAST”</em></strong></p><p><em>Family are separated, living normal individual lives.&nbsp;</em></p><p><em>FAE calls sisters for help, over concern on CHARLOTTE’s health.</em></p><p><em>FAE unleashes 2 spirits from Music Box accidently.</em></p><p><em>Spirits attack FAE and CHARLOTTE - Almost destroy home.</em></p><p><em>Sisters come home - no one knows what happened.</em></p><p><em>Sisters decide to reuse magic - except MARGAUX.</em></p><p><em>MARGAUX is furious at sister\'s’ decision.</em></p><p><em>One Spirit Possess FAE - informs of two spirits to family. Good and Bad.</em></p><p><em>Concerns of Europe have escalated - News Report.</em></p><p><em>Coven is informed of Spirits.&nbsp;</em></p><p><em>Sisters visit father\'s grave.&nbsp;</em></p><p><em>FAE becomes possessed by other Spirit, who attempts to kill FAE in dam.</em></p><p><em>Sisters burn spirit and save FAE through using their magic.&nbsp;</em></p><p><em>Family and neighbours send spirit back to spirit realm.</em></p><p><strong><em>“THE JOURNALS”</em></strong></p><p><em>MARGAUX begins snapping at her sisters because they want her to use her magic and snapping at CHARLOTTE because she blames CHARLOTTE for her choices. No one understands what she means.</em></p><p><em>PAST - Elizabeth gives daughter MANUELLE to her servant ALKINA.</em></p><p><em>Sisters begin to feel a little lost at home, what\'s their path, what are they doing? They resort to focusing on why they think they are there...CHARLOTTE.&nbsp;</em></p><p><em>VIOLETTE is receiving messages from AMY concerned about her studies.&nbsp;</em></p><p><em>Sisters try and work out what’s wrong with CHARLOTTE.&nbsp;</em></p><p><em>MANUELLE Ghost attempts contact with FAE.</em></p><p><em>ELEANOR looks through mother’s belongings - finds note.</em></p><p><em>PAST - MANUELLE grows up with ALKINA’s family in the country.</em></p><p><em>FAE skips school to learn what visuals MANUELLE is showing her.</em></p><p><em>ELEANOR finds storage unit.</em></p><p><em>COLBY dreams symbol.</em></p><p><em>PAST - MANUELLE finds a journal and begins to read and write.</em></p><p><em>Sisters begin to snap at each other over little things, past creeping in.&nbsp;</em></p><p><em>They plan a health revealing spell.&nbsp;</em></p><p><em>MARGAUX refuses magic They fight.</em></p><p><em>PAST - MANUELLE discovers her magic.&nbsp;</em></p><p><em>PAST - ALKINA talks to her about her mother and magic.&nbsp;</em></p><p><em>PAST - Gives MANUELLE music box and envelope to open.</em></p><p><em>MARGAUX admits to magic block.</em></p><p><em>ELEANOR finds Chest and locked box.</em></p><p><em>PAST - MANUELLE finds ALKINA and family killed - She buries them and lives alone.</em></p><p><em>ELEANOR finds journals.&nbsp;</em></p><p><em>Sisters attempt spell – FAE is possessed.&nbsp;</em></p><p><em>MANUELLE reveals warning and symbol.</em></p><p><em>CHARLOTTE is getting weaker, tries to hide it.</em></p><p><em>CHARLOTTE is tranced and lured to garden – wakes up in grass symbol.&nbsp;</em></p><p><strong><em>“MEN IN THE NIGHT”</em></strong></p><p><em>Journals date back 200 years. ELEANOR can’t open small locked box.&nbsp;</em></p><p><em>Her sends CHARLOTTE back music box. BROOKLYN takes interest.</em></p><p><em>Sisters begin to think there’s nothing wrong with CHARLOTTE.</em></p><p><em>Sisters start to lose focus on why they are there, begin doing their own things, they’re not used to the family life.</em></p><p><em>PAST - MANUELLE is 18, still living in ALKINA’s family home.&nbsp;</em></p><p><em>PAST - Man takes interest in MANUELLE.</em></p><p><em>Sisters argue with MARGAUX over using Magic.&nbsp;</em></p><p><strong><em>MARGAUX fights with CHARLOTTE about their father.</em></strong></p><p><em>Surprise visit from JARAD, and AMY arrives with VIOLETTEs things.</em></p><p><em>MARGAUX and JARAD ride out to the nearest Pub.</em></p><p><em>AMY comes in, bringing all VIOlettes studdy books and personal things.&nbsp;&nbsp;</em></p><p><em>MANUELLE continues to send visuals and FAE continues to try and learn visuals of land at the library - sense being followed.</em></p><p><em>COLBY feel trapped at home and visits town and Santasia’s workshop – feels being watched.</em></p><p><em>CHARLOTTE arrives back to the house and meets AMY. AMY is helping VIOLETTE with her studies. CHARLOTTE asks wheres MARGAUX and COLBY and BROOKLYN tell her.</em></p><p><em>COLBY sees painting with similar symbol in artwork.</em></p><p><em>PAST – MANUELLE begins to trust man and like him.</em></p><p><em>FAE learns of town witch suicide.</em></p><p><em>CHARLOTTE is called to school (followed) and informed of FAE missing school.&nbsp;</em></p><p><em>CHARLOTTE does search spell and brings FAE home from Library.</em></p><p><em>PAST - MANUELLE is 18, still living in ALKINAs home. Man takes interest in her.</em></p><p><em>PAST – MANUELLE begins to trust man and like him – he proposes. She says no.</em></p><p><em>PAST – MANUELLE thinks she loses man – safe – realises she loves him.</em></p><p><em>FAE and CHARLOTTE Fight – CHARLOTTE collapses and is taken to hospital by sisters.</em></p><p><em>Doctor tells the symptoms of cancer and thyroid disease - but it’s something else.</em></p><p><strong><em>Doctor offers for her coven to attempt healing spell on CHARLOTTE after visiting hours.</em></strong></p><p><em>COLBY has a sense of being watched at hospital.</em></p><p><em>Sisters go home – house feels like someone has been inside.</em></p><p><em>Man takes blood from CHARLOTTE at hospital.</em></p><p><strong><em>“MEDICINE AND MAGIC”</em></strong></p><p><em>COLBY is struggling with boredom in the house, they’ve cleaned as much as they can. She feels trapped. She decides to visit Santasia’s Art Gallery in town.</em></p><p><em>Aunt ELEANOR arrives. AMY stayed the night.</em></p><p><em>The sisters with CHarlotte away, are barely communicating. When they do, its short, no one is the boss of anyone.</em></p><p><em>ELEANOR gives the daughters the journals and box – project for them.&nbsp;</em></p><p><em>FAE takes interest in a journal by a young girl “AB”</em></p><p><em>BROOKLYN takes interest in journal - focussed on energy vibrations but also dark ideas “MB”</em></p><p><em>ELEANOR takes book from BROOKLYN and keeps it.</em></p><p><em>COLBY fascinated by small box carvings.</em></p><p><strong><em>VIOLETTE visits hospital with BROOKLYN, doctor tells them they were unsuccessful with the spell. VIOLETTE is furious.</em></strong></p><p><strong><em>Doctors put CHARLOTTE on magical healing watch.</em></strong></p><p><em>FAE is grounded. FAE learns of witch hunting online. - Louise baker.</em></p><p><em>PAST - MANUELLE marries the man and they build home.&nbsp;</em></p><p><em>COLBY visits Santasia workshop - practices. COLBY visits Santasias art gallery and gets some lessons on her work. Some old art gallery gets brought in from the city _____.Plays with box and leaves it there.</em></p><p><em>BROOKLYN opens music box. Listens to tune. Finds latch.&nbsp;</em></p><p><em>BROOKLYN’s birthday coming up. ELEANOR wants to do inauguration.&nbsp;</em></p><p><em>MARGAUX reveals block. ELEANOR’s furious.</em></p><p><em>ELEANOR begins to read the journal by \"MB\" she notices the dark talks of her mother Mary Black. \"Hello Mother\"</em></p><p><em>VIOLETTE finds medicine remedies in journals with the help of MANUELLE Spirit.</em></p><p><em>PAST - MANUELLE begins work in magical remedies - town witch.</em></p><p><em>While reading next to CHARLOTTE at the hospital, VIOLETTE attempts medicine magic on terminally ill man at hospital.&nbsp;</em></p><p><em>FAE finds symbol in journal. FAE notices “B” initials - black ancestor journals.</em></p><p><em>VIOLETTE picks up CHARLOTTE - man is gone .&nbsp;</em></p><p><em>PAST - MANUELLE has ANNALISE. 1 year old.</em></p><p><em>CHARLOTTE medication is helping her improve a lot - she comes home.</em></p><p><em>BROOKLYNs Birthday.</em></p><p><em>CHARLOTTE finds out about MARGAUX Block - ELEANOR and CHARLOTTE unblock her.</em></p><p><em>MARGAUX and CHARLOTTE talk about father\'s death.</em></p><p><em>PAST - MANUELLE meets Louise.</em></p><p><em>PAST - MANUELLE finds the key inside the music box.</em></p><p><strong><em>ELEANOR reads MB journal. “Hello Mother”</em></strong></p><p><strong><em>“INAUGURATION”</em></strong></p><p><em>MARGAUX\'s body temperature is being effected by her new power, always hot. She doesn\'t respond. BROOKLYN is teaching her to control her magic. But MARGAUX is struggling, flustered and bothered.</em></p><p><em>CHARLOTTE is getting weaker.</em></p><p><em>MARGAUX practices magic - starts burning things accidentally - FAE notices.</em></p><p><em>MANUELLE Spirit tries to help MARGAUX “Accept it”</em></p><p><em>Sisters and ELEANOR plan inauguration.</em></p><p><em>COLBY unlocks box at workshop, with symbol, Monochrome inside. COLBY is at art gallery and pulls out frame looking for something else. and hears water rushing around some of the paintings. She walks to the painting with water flowing. Senses power from the frame and holds it up. To see the water in the frame moving just as Santasia walks in.</em></p><p><em>JARAD tries to help out at the house - Annoys MARGAUX.</em></p><p><em>VIOLETTE finds journal with connection with Magic and Medicine.</em></p><p><em>When they Look for wood (wand), they start to talk and apologize.</em></p><p><em>Inauguration day.</em></p><p><em>Day of Celebration Morning - FAE is in back forest, set up where they’ll sneak off to tonight. FAE places crystals from school bag.&nbsp;</em></p><p><em>Sisters practice for inauguration.</em></p><p><em>Cars start to arrive at twilight. The girls are getting ready. Marlina and Santasia are doing the girl’s hair and makeup. Aunt eleanor arrives, followed by her. HER says she will meet them down there.&nbsp;</em></p><p><em>MARGAUX is nervous because she doesn’t do well.</em></p><p><em>CHARLOTTE gives MARGAUX Dad’s Jacket, brings her peace.</em></p><p><em>Before the inauguration the sisters become more focused as a family and less on their own struggles, finding a new peace and love in their hearts.&nbsp;</em></p><p><em>The girls follow a beautiful lit path down to the back forest to an open area full of women all in cream white, flowers in hair, candles in their hands lit. They’re circled around her who stands in the centre waiting for them. They kneel at her feet and the ceremony begins. They wash their hands in a bowl of water that is blessed by the moon, holding hands each sister stands and accepts the coven.&nbsp;</em></p><p><em>Sisters are accepted.</em></p><p><em>Later there is a feast and dancing amongst the witches. The sisters sneak off to their hiding place.</em></p><p><em>FAE decides to contact MANUELLE on full moon after ceremony.</em></p><p><em>MANUELLE warning. “Blood, Warning, Yes, Run”</em></p><p><em>FAE tells family.</em></p><p><strong><em>“THE FIRE WITHIN”</em></strong></p><p><em>MARGAUX still struggling.</em></p><p><em>Sisters notice margaux burning things. Something’s wrong - contacts Her.&nbsp;</em></p><p><em>MARGAUX has mental breakdown - JARAD helps distract her.&nbsp;</em></p><p><em>PAST - ANNALISE and husband go on carriage trip out of town. They don’t come back.</em></p><p><em>FAE learns of witch hunters using witches to get witches.&nbsp;</em></p><p><em>PAST - Louise gives MANUELLE news of families death next morning. MANUELLE goes to bridge, sees destroyed carriage down cliff edge. She sets fire trees near her.&nbsp;</em></p><p><em>FAE learns that the journal ANNALISE, is MANUELLEs daughter and she doesn’t know she lived, “She didn’t know”.</em></p><p><em>PAST - MANUELLE races home on horse. She locks home, unaware Louise is inside. She grabs music box, and sacrifices herself to it in order to protect its secret.&nbsp;</em></p><p><strong><em>ANNALISE wakes up in hospital.</em></strong></p><p><strong><em>FAE is reading ANNALISE journal. Visits home, finds journal and music box.</em></strong></p><p><em>MANUELLE enters MARGAUXs dream, trying to help her understand her gift but unaware, MARGAUX has set her bedroom aflame.&nbsp;</em></p><p><em>CHARLOTTE saves her and girls.</em></p><p><em>CHARLOTTE is angry at Spirit. FAE admits she knows who she is.&nbsp;</em></p><p><em>CHARLOTTE crosses MANUELLE spirit over in anger.&nbsp;</em></p><p><em>CHARLOTTE loses it at MANUELLE - stay away from her daughters, tells her of her own daughter. She survived. Reads manuelle ANNALISE journal.</em></p><p><em>MANUELLE shares warning of secret. Interrupted by fire brigade.</em></p><p><em>CHARLOTTE notices men watchings. CHARLOTTE hides weakness, coughs blood.</em></p><p><em>MARGAUX leaves with JARAD, doesn’t tell anyone.</em></p><p><strong><em>“THE ATTACK”</em></strong></p><p>ADD HUSBAND AND ANALISE JOURNEY HOME</p><p><em>‘Her’ gives MARGAUX gloves - to stop burning things. She will be down soon .</em></p><p><em>COLBY goes back to workshop - goes through time.&nbsp;</em></p><p><em>COLBY meets great, great grandmother and grandmother Mary young.</em></p><p><em>Santasia finds COLBY standing - calls family. Family arrive.</em></p><p><em>COLBY sees symbol - great grandmother keeps dreaming it. - bloodline.</em></p><p><em>VIOLETTE and BROOKLYN try and figure out what to do.&nbsp;</em></p><p><em>BROOKLYN covers COLBY’s eyes. Trance breaks. `</em></p><p><em>COLBY tells about bloodline.</em></p><p><em>Sisters tell CHARLOTTE about symbol.&nbsp;</em></p><p><em>VIOLETTE takes blood off her sisters and travels to university at night.</em></p><p><em>FAE ge ts warning from MANUELLE “They’re coming, you must protect our secret. You must”</em></p><p><em>CHARLOTTE and COLBY see “witch” to discus dreams and symbols.</em></p><p><em>AMY gets secret passes and VIOLETTE test blood in lab.</em></p><p><em>They find oddities in blood.</em></p><p><em>Power turns off - emergency lighting on.</em></p><p><em>BROOKLYN and FAE are at home alone trying to connect everything.</em></p><p><em>MARGAUX arrives home with jarad - house power turns off.&nbsp;</em></p><p><em>Call CHARLOTTE - JARAD goes to fix the power.&nbsp;</em></p><p><em>JARADs father is there - warns they are coming.&nbsp;</em></p><p><em>Escape as men raid the house.</em></p><p><em>VIOLETTE and AMY are close to kidnaped but survive.&nbsp;</em></p><p><em>AMY shot with dart.</em></p><p><em>CHARLOTTE and COLBY are transferred safely by help of witch.</em></p><p><em>MANUELLE spirit distracts men - allowing family to escape.&nbsp;</em></p><p><em>VIOLETTE takes her to motel and assess her. MANUELLE says warning to FAE.</em></p><p><em>Flame portal is sent to everyone - covens are under attack - go into hiding.</em></p><p><em>PAST - Weeks later, MANUELLE’s husband and ANNALISE arrive home to the burnt down home. The only thing found was the music box and a badly burnt journal.&nbsp;</em></p><p><strong><em>“WITCHES IN HIDING”</em></strong></p><p><em>Sisters travel the night, following JARAD father to safe house.</em></p><p><em>CHARLOTTE and COLBY travel by car to safe house.&nbsp;</em></p><p><em>VIOLETTE and AMY wait for help at Motel.&nbsp;</em></p><p><em>MARGAUX angry at JARAD - secrets.</em></p><p><em>Get in car and travel down coast.&nbsp;</em></p><p><em>Arrive at Glass house - everyone is there but ELEANOR. Covens are under attack.&nbsp;</em></p><p><em>JARAD and father reveal themselves.</em></p><p><em>Everyone puts information together.&nbsp;</em></p><p><em>A national meeting is called. All witches must head to Alice Springs.</em></p><p><em>*CHARLOTTE and sister refuse without ELEANOR - somethings wrong.&nbsp;</em></p><p><em>Marcus arrives - introduces himself as ELEANOR’s protector. Also with JARAD and Father.&nbsp;</em></p><p><em>The sisters begin to grow a maturity and learn that each have their own strengths and appreciate that of eachother. While they work together as a family, each holds a certain aspect to acheive what they seek.&nbsp;</em></p><p><em>CHARLOTTE, MARGAUX, VIOLETTE stay - COLBY, BROOKLYN and FAE go with coven.&nbsp;</em></p><p><em>Search Spell. Nothing.&nbsp;</em></p><p><em>CHARLOTTE is getting even weaker - coughing up blood. Looking very pale. The sisters notice.</em></p><p><em>Coven travel by train to Alice Springs - flight to dangerous.&nbsp;</em></p><p><em>Ch, M, V go to ELEANOR’s house - struggle obvious - find phone and video. location&nbsp;</em></p><p><em>LUCIO and JACK are at abandoned house.&nbsp;</em></p><p><em>ELEANOR is inside abandoned house - hurt badly.&nbsp;</em></p><p><em>ELEANOR’s interrogated.</em></p><p><em>JACK and team find location - family attack, Place is abandoned ELEANOR inside dead.&nbsp;</em></p><p><em>Family take her coffin to alice springs.</em></p><p><em>Funeral heald. FAE knows it’s not ELEANOR.&nbsp;</em></p><p><em>Body transforms at FAE’s touch.&nbsp;</em></p><p><em>ELEANOR’s still alive.&nbsp;</em></p><p><strong><em>“NATIONAL MEETING”</em></strong></p><p><em>Witches come from around the land to the outback rocks.&nbsp;</em></p><p><em>National Meeting Held. Questions - who are these men? What to do? Fight?</em></p><p><em>World is a dangerous place. Decision is not made, all to remain in hiding as only few members of coens were attacked - ‘her’ is furious.&nbsp;</em></p><p><em>CHARLOTTE sees a healer and is healed.</em></p><p><em>Everyone returns home but those who were attacked.&nbsp;</em></p><p><em>Black family stay with PARMIL - very rich home in city.&nbsp;</em></p><p><em>FAE learns of Witches manipulating fire in history.</em></p><p><em>PARMIL helps MARGAUX with her magic.&nbsp;</em></p><p><em>COLBY tries to understand the monochrome. Figures out the timer.&nbsp;</em></p><p><em>Tests it with painting - doesn’t work- then with symbol.Does.</em></p><p><em>ELEANOR being tortured - flashback mother and how to send messages.&nbsp;</em></p><p><em>ELEANOR sends message to CHARLOTTE. France, 1867 EB.&nbsp;</em></p><p><em>They agree to go back in time to france 1867 EB. against the National Coven decision.&nbsp;</em></p><p><em>Sisters are dressed, MARGAUX, COLBY, BROOKLYN, VIOLETTE and JARAD sent back.&nbsp;</em></p><p><em>Go back in time.&nbsp;</em></p><p><em>VIOLETTE is shot - COLBY and MARGAUX is holding her, on the run. JARAD is firing back at people. BROOKLYN is missing.&nbsp;</em></p><p><em>End.&nbsp;</em></p><p><strong>TWO</strong></p><p>Air Element comes to life. BROOKLYN, - last episode</p><p><strong>THREE</strong></p><p><strong>TO ORDER</strong></p><p>Questions of why witches have their gift.</p><p>Who are they? What are they? Why are they different?</p><p>Ancient Civilisation oddities. Questions of Alien existence.&nbsp;</p><p>The planet\'s health is deteriorating. Natural disasters are occurring regularly.&nbsp;</p><p>People are feeling fear, anger, negative emotions. Not themselves.&nbsp;</p><p>The days are growing darker.</p><p>Family travels to Egypt to investigate these ancient civilizations.&nbsp;</p><p>Secret revealed.&nbsp;</p><p>They are descendants from an Ancient Alien Civilization who came to earth thousands and thousands of years ago.&nbsp;</p><p>“We are the secret, that is why we are different”</p><p>Discoveries of their ancestors.</p><p>Questions of why did they not return?</p><p>What happened to them? Why did they leave us? Where are they?</p><p>Can they help? How do we contact them?</p><p>Journals Reveal a map.&nbsp;</p><p>Keys, portals to send a message to Ancients.&nbsp;</p><p>Journey to find keys and portals.</p><p>Open portals. FAE doesn’t wake up. Body begins to die.</p><p>Sisters use their elemental powers to bring her back to life, almost burning themselves out. FAE awakes.&nbsp;</p><p>Something is heading towards earth.&nbsp;</p><p>Ancients arrive. Historical earth moment.&nbsp;</p><p>Earthiens and Ancients discuss the darkness effecting the universe.&nbsp;</p><p>Planets have been destroyed. Many lives lost.</p><p>The balance is unbalanced. Good and Evil. Ying and Yang. Light and dark.</p><p>Darkness here is what we would call hell.</p><p>Dante’s inferno (The nine hells)</p><p>God is our light. Question of his existence.</p><p>Mary, Mary Magdalene. The fourth gospel.&nbsp;</p><p>Spirit witch to contact him.&nbsp;</p><p>FAE approaches tree. Bleeds, falls, dies. FAE travels to the inferno. Awakes and says god is here. God will help.&nbsp;</p><p>The ultimate light and the ultimate dark. People go mad, darkness spreads.&nbsp;</p><p>War.</p><p>CHARLOTTE dies.</p><p>Defeat darkness.&nbsp;</p><p>Family travel to atlantis.</p>','2021-06-21 01:18:31','2021-06-21 01:18:53'),(10,3,0,'Structure','<p>Q: Do we introduce sister in their lives and then Fae and her situation?</p><p>Q: Do we expand on the sisters introduction a little more so we get a sense of who they are the the world they are leaving behind to come home?</p><p>Q:  When sisters are there in first meeting - whose view point should it be?</p><p>Q: Pilot Manuelle starts talking to Fae here - should we have it further down the track? </p><p>Q: What is Louise doing right now? Or Manuelle? We have more time now. Do we start it later?</p><p>Q: if we do we need to bring upon the attack a different way.</p><p>- I think that Manuelle is really weak from the power she used and she has retreated to the music box. </p><p>- Louise is around the home, locked out. For her to get to Fae she needs to call her outside. </p><p></p>','2021-06-21 22:12:16','2021-06-21 22:31:30'),(11,11,0,'Outline of First Book','<p>Begining </p><p>- She walks outside and notices the postman</p><p>- Calls out to mum.</p>','2021-07-13 09:27:30','2021-07-13 09:27:50'),(12,11,1,'18th century england','<p>Research the clothing in 18th century england. </p><p></p><p>At the beginning of the&nbsp;<strong>18th century</strong>&nbsp;the male silhouette differed greatly from that of today. A typical outfit consisted of a full-skirted knee-length coat, knee breeches, a vest or long waistcoat (which could be sleeved), a linen shirt with frills and linen underdrawers.&nbsp;</p><p></p><p></p><p></p><p></p>','2021-07-13 09:28:04','2021-07-13 09:28:44'),(13,3,0,'sdfsd',NULL,'2021-07-26 22:54:12','2021-07-26 22:54:12'),(14,12,0,'test','<p>test cdsdasdasdsdasdasd</p>','2021-08-02 06:11:41','2021-08-02 06:12:20'),(15,12,2,'test','<p>test</p>','2021-08-02 06:11:59','2021-08-02 06:12:08');
/*!40000 ALTER TABLE `notes` ENABLE KEYS */;
UNLOCK TABLES;

--
-- Table structure for table `notifications`
--

DROP TABLE IF EXISTS `notifications`;
/*!40101 SET @saved_cs_client     = @@character_set_client */;
/*!50503 SET character_set_client = utf8mb4 */;
CREATE TABLE `notifications` (
  `id` char(36) COLLATE utf8mb4_unicode_ci NOT NULL,
  `type` varchar(255) COLLATE utf8mb4_unicode_ci NOT NULL,
  `notifiable_type` varchar(255) COLLATE utf8mb4_unicode_ci NOT NULL,
  `notifiable_id` bigint unsigned NOT NULL,
  `data` text COLLATE utf8mb4_unicode_ci NOT NULL,
  `read_at` timestamp NULL DEFAULT NULL,
  `created_at` timestamp NULL DEFAULT NULL,
  `updated_at` timestamp NULL DEFAULT NULL,
  PRIMARY KEY (`id`),
  KEY `notifications_notifiable_type_notifiable_id_index` (`notifiable_type`,`notifiable_id`)
) ENGINE=InnoDB DEFAULT CHARSET=utf8mb4 COLLATE=utf8mb4_unicode_ci;
/*!40101 SET character_set_client = @saved_cs_client */;

--
-- Dumping data for table `notifications`
--

LOCK TABLES `notifications` WRITE;
/*!40000 ALTER TABLE `notifications` DISABLE KEYS */;
/*!40000 ALTER TABLE `notifications` ENABLE KEYS */;
UNLOCK TABLES;

--
-- Table structure for table `password_resets`
--

DROP TABLE IF EXISTS `password_resets`;
/*!40101 SET @saved_cs_client     = @@character_set_client */;
/*!50503 SET character_set_client = utf8mb4 */;
CREATE TABLE `password_resets` (
  `email` varchar(255) COLLATE utf8mb4_unicode_ci NOT NULL,
  `token` varchar(255) COLLATE utf8mb4_unicode_ci NOT NULL,
  `created_at` timestamp NULL DEFAULT NULL,
  KEY `password_resets_email_index` (`email`)
) ENGINE=InnoDB DEFAULT CHARSET=utf8mb4 COLLATE=utf8mb4_unicode_ci;
/*!40101 SET character_set_client = @saved_cs_client */;

--
-- Dumping data for table `password_resets`
--

LOCK TABLES `password_resets` WRITE;
/*!40000 ALTER TABLE `password_resets` DISABLE KEYS */;
/*!40000 ALTER TABLE `password_resets` ENABLE KEYS */;
UNLOCK TABLES;

--
-- Table structure for table `personal_access_tokens`
--

DROP TABLE IF EXISTS `personal_access_tokens`;
/*!40101 SET @saved_cs_client     = @@character_set_client */;
/*!50503 SET character_set_client = utf8mb4 */;
CREATE TABLE `personal_access_tokens` (
  `id` bigint unsigned NOT NULL AUTO_INCREMENT,
  `tokenable_type` varchar(255) COLLATE utf8mb4_unicode_ci NOT NULL,
  `tokenable_id` bigint unsigned NOT NULL,
  `name` varchar(255) COLLATE utf8mb4_unicode_ci NOT NULL,
  `token` varchar(64) COLLATE utf8mb4_unicode_ci NOT NULL,
  `abilities` text COLLATE utf8mb4_unicode_ci,
  `last_used_at` timestamp NULL DEFAULT NULL,
  `created_at` timestamp NULL DEFAULT NULL,
  `updated_at` timestamp NULL DEFAULT NULL,
  PRIMARY KEY (`id`),
  UNIQUE KEY `personal_access_tokens_token_unique` (`token`),
  KEY `personal_access_tokens_tokenable_type_tokenable_id_index` (`tokenable_type`,`tokenable_id`)
) ENGINE=InnoDB DEFAULT CHARSET=utf8mb4 COLLATE=utf8mb4_unicode_ci;
/*!40101 SET character_set_client = @saved_cs_client */;

--
-- Dumping data for table `personal_access_tokens`
--

LOCK TABLES `personal_access_tokens` WRITE;
/*!40000 ALTER TABLE `personal_access_tokens` DISABLE KEYS */;
/*!40000 ALTER TABLE `personal_access_tokens` ENABLE KEYS */;
UNLOCK TABLES;

--
-- Table structure for table `role_users`
--

DROP TABLE IF EXISTS `role_users`;
/*!40101 SET @saved_cs_client     = @@character_set_client */;
/*!50503 SET character_set_client = utf8mb4 */;
CREATE TABLE `role_users` (
  `user_id` bigint unsigned NOT NULL,
  `role_id` int unsigned NOT NULL,
  PRIMARY KEY (`user_id`,`role_id`),
  KEY `role_users_role_id_foreign` (`role_id`),
  CONSTRAINT `role_users_role_id_foreign` FOREIGN KEY (`role_id`) REFERENCES `roles` (`id`) ON DELETE CASCADE ON UPDATE CASCADE,
  CONSTRAINT `role_users_user_id_foreign` FOREIGN KEY (`user_id`) REFERENCES `users` (`id`) ON DELETE CASCADE ON UPDATE CASCADE
) ENGINE=InnoDB DEFAULT CHARSET=utf8mb4 COLLATE=utf8mb4_unicode_ci;
/*!40101 SET character_set_client = @saved_cs_client */;

--
-- Dumping data for table `role_users`
--

LOCK TABLES `role_users` WRITE;
/*!40000 ALTER TABLE `role_users` DISABLE KEYS */;
/*!40000 ALTER TABLE `role_users` ENABLE KEYS */;
UNLOCK TABLES;

--
-- Table structure for table `roles`
--

DROP TABLE IF EXISTS `roles`;
/*!40101 SET @saved_cs_client     = @@character_set_client */;
/*!50503 SET character_set_client = utf8mb4 */;
CREATE TABLE `roles` (
  `id` int unsigned NOT NULL AUTO_INCREMENT,
  `slug` varchar(255) COLLATE utf8mb4_unicode_ci NOT NULL,
  `name` varchar(255) COLLATE utf8mb4_unicode_ci NOT NULL,
  `permissions` json DEFAULT NULL,
  `created_at` timestamp NULL DEFAULT NULL,
  `updated_at` timestamp NULL DEFAULT NULL,
  PRIMARY KEY (`id`),
  UNIQUE KEY `roles_slug_unique` (`slug`)
) ENGINE=InnoDB DEFAULT CHARSET=utf8mb4 COLLATE=utf8mb4_unicode_ci;
/*!40101 SET character_set_client = @saved_cs_client */;

--
-- Dumping data for table `roles`
--

LOCK TABLES `roles` WRITE;
/*!40000 ALTER TABLE `roles` DISABLE KEYS */;
/*!40000 ALTER TABLE `roles` ENABLE KEYS */;
UNLOCK TABLES;

--
-- Table structure for table `sessions`
--

DROP TABLE IF EXISTS `sessions`;
/*!40101 SET @saved_cs_client     = @@character_set_client */;
/*!50503 SET character_set_client = utf8mb4 */;
CREATE TABLE `sessions` (
  `id` varchar(255) COLLATE utf8mb4_unicode_ci NOT NULL,
  `user_id` bigint unsigned DEFAULT NULL,
  `ip_address` varchar(45) COLLATE utf8mb4_unicode_ci DEFAULT NULL,
  `user_agent` text COLLATE utf8mb4_unicode_ci,
  `payload` text COLLATE utf8mb4_unicode_ci NOT NULL,
  `last_activity` int NOT NULL,
  PRIMARY KEY (`id`),
  KEY `sessions_user_id_index` (`user_id`),
  KEY `sessions_last_activity_index` (`last_activity`)
) ENGINE=InnoDB DEFAULT CHARSET=utf8mb4 COLLATE=utf8mb4_unicode_ci;
/*!40101 SET character_set_client = @saved_cs_client */;

--
-- Dumping data for table `sessions`
--

LOCK TABLES `sessions` WRITE;
/*!40000 ALTER TABLE `sessions` DISABLE KEYS */;
INSERT INTO `sessions` VALUES ('0wroKjhQlKwgSkacNjIVAU2kTRjVw12nVPUVDRB0',NULL,'167.248.133.59','Mozilla/5.0 (compatible; CensysInspect/1.1; +https://about.censys.io/)','YTozOntzOjY6Il90b2tlbiI7czo0MDoiVnFNazlYdVhSakZVWk1XTmdkeVp3RTZTSFpuMko0WlFscTFwTUJLNiI7czo5OiJfcHJldmlvdXMiO2E6MTp7czozOiJ1cmwiO3M6Mjc6Imh0dHBzOi8vMTY1LjIyLjcxLjIzMC9sb2dpbiI7fXM6NjoiX2ZsYXNoIjthOjI6e3M6Mzoib2xkIjthOjA6e31zOjM6Im5ldyI7YTowOnt9fX0=',1629201587),('18VrbVvgFuq2aE0jfQt7DtvBK5llkVEbrxDQTrfF',NULL,'45.146.164.110','Mozilla/5.0 (Windows NT 10.0; Win64; x64) AppleWebKit/537.36 (KHTML, like Gecko) Chrome/78.0.3904.108 Safari/537.36','YTozOntzOjY6Il90b2tlbiI7czo0MDoiZ2xXNWw0M1MzQ1k0ZHdBMFFqMk5nNGlmS3BDbFRxcW45aTFoWDVoSSI7czo5OiJfcHJldmlvdXMiO2E6MTp7czozOiJ1cmwiO3M6MjE6Imh0dHBzOi8vMTY1LjIyLjcxLjIzMCI7fXM6NjoiX2ZsYXNoIjthOjI6e3M6Mzoib2xkIjthOjA6e31zOjM6Im5ldyI7YTowOnt9fX0=',1629143517),('1N1kMyUSOGVptlfixEINKHzhRwbUmXg2pzYhPq0O',NULL,'178.128.194.144','Mozilla/5.0 (Macintosh; Intel Mac OS X 10.13; rv:61.0) Gecko/20100101 Firefox/72.0','YTo0OntzOjY6Il90b2tlbiI7czo0MDoiYnA3cm5CZ1FJYmZMbjRzUGVnSkg5NUNYOTJOdjB5NEp4ejQ5NlVpUiI7czozOiJ1cmwiO2E6MTp7czo4OiJpbnRlbmRlZCI7czozMzoiaHR0cHM6Ly8xNjUuMjIuNzEuMjMwL3NjcmlwdG9yaXVtIjt9czo5OiJfcHJldmlvdXMiO2E6MTp7czozOiJ1cmwiO3M6MzM6Imh0dHBzOi8vMTY1LjIyLjcxLjIzMC9zY3JpcHRvcml1bSI7fXM6NjoiX2ZsYXNoIjthOjI6e3M6Mzoib2xkIjthOjA6e31zOjM6Im5ldyI7YTowOnt9fX0=',1629163841),('1rn942pCtC17k6dyHNDzaNFPGxc96IP0a53ShPcd',NULL,'128.14.141.34','Mozilla/5.0 (Windows NT 10.0; Win64; x64) AppleWebKit/537.36 (KHTML, like Gecko) Chrome/60.0.3112.113 Safari/537.36','YTozOntzOjY6Il90b2tlbiI7czo0MDoiZmFYM3d4RXN1WVhEWEtQQTNHMUJrSE84Yjd2Z25CN0F0czd1MXBSaSI7czo5OiJfcHJldmlvdXMiO2E6MTp7czozOiJ1cmwiO3M6MjE6Imh0dHBzOi8vMTY1LjIyLjcxLjIzMCI7fXM6NjoiX2ZsYXNoIjthOjI6e3M6Mzoib2xkIjthOjA6e31zOjM6Im5ldyI7YTowOnt9fX0=',1629160044),('2xHEbvxLfBBORwBnKrhFYckXktRxjvfx35La00OS',NULL,'45.146.164.110','Mozilla/5.0 (Windows NT 10.0; Win64; x64) AppleWebKit/537.36 (KHTML, like Gecko) Chrome/78.0.3904.108 Safari/537.36','YTozOntzOjY6Il90b2tlbiI7czo0MDoiVmlMc3dBZTFIMlU5V2Z4cWtLamxpVWRYRFJZVm5OUUdjMWJSZldkZiI7czo5OiJfcHJldmlvdXMiO2E6MTp7czozOiJ1cmwiO3M6Mzc6Imh0dHBzOi8vMTY1LjIyLjcxLjIzMC9pbmRleC5waHAvbG9naW4iO31zOjY6Il9mbGFzaCI7YToyOntzOjM6Im9sZCI7YTowOnt9czozOiJuZXciO2E6MDp7fX19',1629143522),('42ZjtNecZyGZulu4V35wYFyRhtQJUJdVDJEcWKb7',NULL,'128.14.134.134','Mozilla/5.0 (Windows NT 10.0; Win64; x64) AppleWebKit/537.36 (KHTML, like Gecko) Chrome/60.0.3112.113 Safari/537.36','YTo0OntzOjY6Il90b2tlbiI7czo0MDoiTWtQQUhWZVVDMHIyazBUcElkT2F6OXVXR1p5b0xua3lhTE1tZEM0eiI7czozOiJ1cmwiO2E6MTp7czo4OiJpbnRlbmRlZCI7czozMzoiaHR0cHM6Ly8xNjUuMjIuNzEuMjMwL3NjcmlwdG9yaXVtIjt9czo5OiJfcHJldmlvdXMiO2E6MTp7czozOiJ1cmwiO3M6MzM6Imh0dHBzOi8vMTY1LjIyLjcxLjIzMC9zY3JpcHRvcml1bSI7fXM6NjoiX2ZsYXNoIjthOjI6e3M6Mzoib2xkIjthOjA6e31zOjM6Im5ldyI7YTowOnt9fX0=',1629143214),('5pbbKzk6QCnsZM5HfCw15Nlu8yyun7jCfDQP6XxV',NULL,'167.248.133.59','','YTozOntzOjY6Il90b2tlbiI7czo0MDoiVmJqbFlHcUg0aDVCNVJETExxRDBsNTl6TGdlRGh0aElrcXVkUnA4UCI7czo5OiJfcHJldmlvdXMiO2E6MTp7czozOiJ1cmwiO3M6MjE6Imh0dHBzOi8vMTY1LjIyLjcxLjIzMCI7fXM6NjoiX2ZsYXNoIjthOjI6e3M6Mzoib2xkIjthOjA6e31zOjM6Im5ldyI7YTowOnt9fX0=',1629201585),('8gx0CsKM66IYS6DoU16ng8e3pzgiRqOqqueSGRqF',NULL,'45.146.164.110','Mozilla/5.0 (Windows NT 10.0; Win64; x64) AppleWebKit/537.36 (KHTML, like Gecko) Chrome/78.0.3904.108 Safari/537.36','YTozOntzOjY6Il90b2tlbiI7czo0MDoiTXA3YUpzNVRoNkRHM2gxWUdJR2hZbDY3UkpiQmI3ZkxMTTN0YVVkWSI7czo5OiJfcHJldmlvdXMiO2E6MTp7czozOiJ1cmwiO3M6NTI6Imh0dHBzOi8vMTY1LjIyLjcxLjIzMC8/WERFQlVHX1NFU1NJT05fU1RBUlQ9cGhwc3Rvcm0iO31zOjY6Il9mbGFzaCI7YToyOntzOjM6Im9sZCI7YTowOnt9czozOiJuZXciO2E6MDp7fX19',1629143509),('b1YlDRoGN4AiY9lZiTIi4ZPlXvxFpyp8DbuU4tHp',NULL,'45.146.164.110','Mozilla/5.0 (Windows NT 10.0; Win64; x64) AppleWebKit/537.36 (KHTML, like Gecko) Chrome/78.0.3904.108 Safari/537.36','YTozOntzOjY6Il90b2tlbiI7czo0MDoic283TnhWSnBmaG5ROGRLdkZteVlDRnptS0NkdklpT2Q1b04xQm9RUyI7czo5OiJfcHJldmlvdXMiO2E6MTp7czozOiJ1cmwiO3M6MTU3OiJodHRwczovLzE2NS4yMi43MS4yMzAvaW5kZXgucGhwP2Z1bmN0aW9uPWNhbGxfdXNlcl9mdW5jX2FycmF5JnM9JTJGSW5kZXglMkYlNUN0aGluayU1Q2FwcCUyRmludm9rZWZ1bmN0aW9uJnZhcnMlNUIwJTVEPW1kNSZ2YXJzJTVCMSU1RCU1QjAlNUQ9SGVsbG9UaGlua1BIUDIxIjt9czo2OiJfZmxhc2giO2E6Mjp7czozOiJvbGQiO2E6MDp7fXM6MzoibmV3IjthOjA6e319fQ==',1629143508),('cwbvaQKqYmCQlsAhxnqBxVUNBia4cYIbyv7BqgTQ',NULL,'192.241.205.82','Mozilla/5.0 zgrab/0.x','YTozOntzOjY6Il90b2tlbiI7czo0MDoiSW9CSlhEZ0dmQTB5WmtBQTZENlBlSXBXemxwSkJteFFJM0lGb2xOMyI7czo5OiJfcHJldmlvdXMiO2E6MTp7czozOiJ1cmwiO3M6MjE6Imh0dHBzOi8vMTY1LjIyLjcxLjIzMCI7fXM6NjoiX2ZsYXNoIjthOjI6e3M6Mzoib2xkIjthOjA6e31zOjM6Im5ldyI7YTowOnt9fX0=',1629163209),('DAVJ21sEcRgS6lMX3CeMOnPe879lx4YSg5KboQt9',NULL,'178.128.194.144','Mozilla/5.0 (Macintosh; Intel Mac OS X 10.13; rv:61.0) Gecko/20100101 Firefox/72.0','YTozOntzOjY6Il90b2tlbiI7czo0MDoiMGxhTm95SnFRVGhmdVRFVXBqYjN0TlR5dm5aZ24zVzVrMjZDVEZ6OCI7czo5OiJfcHJldmlvdXMiO2E6MTp7czozOiJ1cmwiO3M6MjE6Imh0dHBzOi8vMTY1LjIyLjcxLjIzMCI7fXM6NjoiX2ZsYXNoIjthOjI6e3M6Mzoib2xkIjthOjA6e31zOjM6Im5ldyI7YTowOnt9fX0=',1629163841),('ditMrdpYFAQgVsPSZilrcQCfcCriyCYE6Hmyfqxx',NULL,'45.146.164.110','Mozilla/5.0 (Windows NT 10.0; Win64; x64) AppleWebKit/537.36 (KHTML, like Gecko) Chrome/78.0.3904.108 Safari/537.36','YTo0OntzOjY6Il90b2tlbiI7czo0MDoiY3A1UHU1WE5ydHdHY0J4WEZzb1lmRVV0aTE5b2dCT0FjVVdIVmNXQiI7czozOiJ1cmwiO2E6MTp7czo4OiJpbnRlbmRlZCI7czozMzoiaHR0cHM6Ly8xNjUuMjIuNzEuMjMwL3NjcmlwdG9yaXVtIjt9czo5OiJfcHJldmlvdXMiO2E6MTp7czozOiJ1cmwiO3M6MzM6Imh0dHBzOi8vMTY1LjIyLjcxLjIzMC9zY3JpcHRvcml1bSI7fXM6NjoiX2ZsYXNoIjthOjI6e3M6Mzoib2xkIjthOjA6e31zOjM6Im5ldyI7YTowOnt9fX0=',1629143519),('dQzqHhjIwBI7Y4GGdmmpDEfl9cQHqAvkwhodOdji',NULL,'71.6.232.7','Mozilla/5.0 (Windows NT 10.0; Win64; x64) AppleWebKit/537.36 (KHTML, like Gecko) Chrome/74.0.3729.131 Safari/537.36','YTozOntzOjY6Il90b2tlbiI7czo0MDoiekYwVld3czRORjdsaWNlWENHMVVnTWdScTgxd2hNd2RGNTA2RFBFbSI7czo5OiJfcHJldmlvdXMiO2E6MTp7czozOiJ1cmwiO3M6MjE6Imh0dHBzOi8vMTY1LjIyLjcxLjIzMCI7fXM6NjoiX2ZsYXNoIjthOjI6e3M6Mzoib2xkIjthOjA6e31zOjM6Im5ldyI7YTowOnt9fX0=',1629177817),('EJ98GzZc3919DFcunRWqJdQDlJl1nB4drTyTmNo2',NULL,'128.14.134.134','Mozilla/5.0 (Windows NT 10.0; Win64; x64) AppleWebKit/537.36 (KHTML, like Gecko) Chrome/60.0.3112.113 Safari/537.36','YTozOntzOjY6Il90b2tlbiI7czo0MDoiY29SVk1WRTZDMmJuMVE4UFJFR2lvV3Q0d1JmeXQ1SlJwQlZJR3RoYiI7czo5OiJfcHJldmlvdXMiO2E6MTp7czozOiJ1cmwiO3M6Mjc6Imh0dHBzOi8vMTY1LjIyLjcxLjIzMC9sb2dpbiI7fXM6NjoiX2ZsYXNoIjthOjI6e3M6Mzoib2xkIjthOjA6e31zOjM6Im5ldyI7YTowOnt9fX0=',1629143214),('f0aEDItewVQYB1dvuIotm5WdzOpkmgk8f4taxRSV',NULL,'45.146.164.110','Mozilla/5.0 (Windows NT 10.0; Win64; x64) AppleWebKit/537.36 (KHTML, like Gecko) Chrome/78.0.3904.108 Safari/537.36','YTozOntzOjY6Il90b2tlbiI7czo0MDoiUUF2SDNBd0hySXN6cmx6WERUQmZxSDI0WTFDbkY4dFh4UlJSVDlJYiI7czo5OiJfcHJldmlvdXMiO2E6MTp7czozOiJ1cmwiO3M6Mjc6Imh0dHBzOi8vMTY1LjIyLjcxLjIzMC9sb2dpbiI7fXM6NjoiX2ZsYXNoIjthOjI6e3M6Mzoib2xkIjthOjA6e31zOjM6Im5ldyI7YTowOnt9fX0=',1629143522),('Fku51ZIFSzOmtsrnv9zxycrZu1boA86csOjEq71X',NULL,'64.62.197.152','','YTozOntzOjY6Il90b2tlbiI7czo0MDoiRE0xQVAxa1pPdHVxakd3aE9UN1ZHVnVKbXQwTWoxZGRpNDdhbmU0byI7czo5OiJfcHJldmlvdXMiO2E6MTp7czozOiJ1cmwiO3M6MjE6Imh0dHBzOi8vMTY1LjIyLjcxLjIzMCI7fXM6NjoiX2ZsYXNoIjthOjI6e3M6Mzoib2xkIjthOjA6e31zOjM6Im5ldyI7YTowOnt9fX0=',1629162426),('FysRH1OiAcL1nZ58aDmRuw7luBZQeRVRs5TzjVeC',NULL,'128.14.141.34','Mozilla/5.0 (Windows NT 10.0; Win64; x64) AppleWebKit/537.36 (KHTML, like Gecko) Chrome/60.0.3112.113 Safari/537.36','YTo0OntzOjY6Il90b2tlbiI7czo0MDoieEZVUXZ6Y01pRkRFYmc1cXlVR0lncnIxeVZYYnFFbDJQNGxkamE3byI7czozOiJ1cmwiO2E6MTp7czo4OiJpbnRlbmRlZCI7czozMzoiaHR0cHM6Ly8xNjUuMjIuNzEuMjMwL3NjcmlwdG9yaXVtIjt9czo5OiJfcHJldmlvdXMiO2E6MTp7czozOiJ1cmwiO3M6MzM6Imh0dHBzOi8vMTY1LjIyLjcxLjIzMC9zY3JpcHRvcml1bSI7fXM6NjoiX2ZsYXNoIjthOjI6e3M6Mzoib2xkIjthOjA6e31zOjM6Im5ldyI7YTowOnt9fX0=',1629160044),('Gs5Lklr6ZCU5VIiLWviNnWtWxwhblEleClXZTwaS',NULL,'167.248.133.59','Mozilla/5.0 (compatible; CensysInspect/1.1; +https://about.censys.io/)','YTo0OntzOjY6Il90b2tlbiI7czo0MDoibkJZd2g3d2tpZXpCdGdCcHJNVjBsZkZiRTJEVGVPb2ZxMEcweGNOayI7czozOiJ1cmwiO2E6MTp7czo4OiJpbnRlbmRlZCI7czozMzoiaHR0cHM6Ly8xNjUuMjIuNzEuMjMwL3NjcmlwdG9yaXVtIjt9czo5OiJfcHJldmlvdXMiO2E6MTp7czozOiJ1cmwiO3M6MzM6Imh0dHBzOi8vMTY1LjIyLjcxLjIzMC9zY3JpcHRvcml1bSI7fXM6NjoiX2ZsYXNoIjthOjI6e3M6Mzoib2xkIjthOjA6e31zOjM6Im5ldyI7YTowOnt9fX0=',1629201586),('iUmUbDSU6RAOmVKNrkw286x0jv9INSwRqzMim7gV',NULL,'128.14.141.34','Mozilla/5.0 (Windows NT 10.0; Win64; x64) AppleWebKit/537.36 (KHTML, like Gecko) Chrome/60.0.3112.113 Safari/537.36','YTozOntzOjY6Il90b2tlbiI7czo0MDoiS245aGpSRVkxaVh1cmFZRDMzNnBSaHhKUzU0NVcyYnhDY1JoWUJqWCI7czo5OiJfcHJldmlvdXMiO2E6MTp7czozOiJ1cmwiO3M6Mjc6Imh0dHBzOi8vMTY1LjIyLjcxLjIzMC9sb2dpbiI7fXM6NjoiX2ZsYXNoIjthOjI6e3M6Mzoib2xkIjthOjA6e31zOjM6Im5ldyI7YTowOnt9fX0=',1629160044),('k5iV95UPpHqw5YmRj0AFmXoy34wiBtHgFLY8TjSt',NULL,'193.118.53.202','Mozilla/5.0 (Windows NT 10.0; Win64; x64) AppleWebKit/537.36 (KHTML, like Gecko) Chrome/60.0.3112.113 Safari/537.36','YTozOntzOjY6Il90b2tlbiI7czo0MDoiQUF2NFRTREZJQTh0UUI4RHN3QWxDbE9RQWRXdmVGc2J6eU9WcHJWSSI7czo5OiJfcHJldmlvdXMiO2E6MTp7czozOiJ1cmwiO3M6MjE6Imh0dHBzOi8vMTY1LjIyLjcxLjIzMCI7fXM6NjoiX2ZsYXNoIjthOjI6e3M6Mzoib2xkIjthOjA6e31zOjM6Im5ldyI7YTowOnt9fX0=',1629167915),('olOOGQzvNpaoSUKHLcxk0Hj5uSDjsdcCDZuPBDzA',NULL,'167.248.133.59','Mozilla/5.0 (compatible; CensysInspect/1.1; +https://about.censys.io/)','YTozOntzOjY6Il90b2tlbiI7czo0MDoiTVAxY1JpeEw4bUZDNUlrUVM2cVJMa2laY3pWaDhFZTVvcmdKZUp1bCI7czo5OiJfcHJldmlvdXMiO2E6MTp7czozOiJ1cmwiO3M6MjE6Imh0dHBzOi8vMTY1LjIyLjcxLjIzMCI7fXM6NjoiX2ZsYXNoIjthOjI6e3M6Mzoib2xkIjthOjA6e31zOjM6Im5ldyI7YTowOnt9fX0=',1629201586),('Q8uBfkIT97qQiaTRnAwtJI6ZJdqLjBAa8iupKVe2',NULL,'192.35.168.112','Mozilla/5.0 zgrab/0.x','YTo0OntzOjY6Il90b2tlbiI7czo0MDoiUHIxR0VVTkFRcW9ld3Znd2pkbFRrNGptR2J2dE5nemkyY3dEbVBuSCI7czozOiJ1cmwiO2E6MTp7czo4OiJpbnRlbmRlZCI7czozMzoiaHR0cHM6Ly8xNjUuMjIuNzEuMjMwL3NjcmlwdG9yaXVtIjt9czo5OiJfcHJldmlvdXMiO2E6MTp7czozOiJ1cmwiO3M6MzM6Imh0dHBzOi8vMTY1LjIyLjcxLjIzMC9zY3JpcHRvcml1bSI7fXM6NjoiX2ZsYXNoIjthOjI6e3M6Mzoib2xkIjthOjA6e31zOjM6Im5ldyI7YTowOnt9fX0=',1629146459),('rNBGEiYfnk2BZD61eQPqpqRcoukCnFmiUQk6a1bI',NULL,'192.35.168.112','Mozilla/5.0 zgrab/0.x','YTozOntzOjY6Il90b2tlbiI7czo0MDoiQU9QRzBsUHRCSjNodDJHTFhURUk4cXdDOXJSNVlHb1czRm8zZ0YxQSI7czo5OiJfcHJldmlvdXMiO2E6MTp7czozOiJ1cmwiO3M6MjE6Imh0dHBzOi8vMTY1LjIyLjcxLjIzMCI7fXM6NjoiX2ZsYXNoIjthOjI6e3M6Mzoib2xkIjthOjA6e31zOjM6Im5ldyI7YTowOnt9fX0=',1629146459),('WSzmVfziUPxPNFVWrdRWg831fmVLeYcfvXZ8UuCT',NULL,'45.146.164.110','Mozilla/5.0 (Windows NT 10.0; Win64; x64) AppleWebKit/537.36 (KHTML, like Gecko) Chrome/78.0.3904.108 Safari/537.36','YTo0OntzOjY6Il90b2tlbiI7czo0MDoiUEtpNXdXQUpZVGJIejNVRVlsa2Rza0pXRGJLb2MwT04yOUNqWmtYaiI7czozOiJ1cmwiO2E6MTp7czo4OiJpbnRlbmRlZCI7czozMzoiaHR0cHM6Ly8xNjUuMjIuNzEuMjMwL3NjcmlwdG9yaXVtIjt9czo5OiJfcHJldmlvdXMiO2E6MTp7czozOiJ1cmwiO3M6MzM6Imh0dHBzOi8vMTY1LjIyLjcxLjIzMC9zY3JpcHRvcml1bSI7fXM6NjoiX2ZsYXNoIjthOjI6e3M6Mzoib2xkIjthOjA6e31zOjM6Im5ldyI7YTowOnt9fX0=',1629143521),('XbpOwXnfce4dthHWQODFoGBPDaRFB2R6F87RKq4s',NULL,'45.146.164.110','Mozilla/5.0 (Windows NT 10.0; Win64; x64) AppleWebKit/537.36 (KHTML, like Gecko) Chrome/78.0.3904.108 Safari/537.36','YTo0OntzOjY6Il90b2tlbiI7czo0MDoiaDhLUGRFNExoemNRRXJHYmo0eTNTM1d1MHFzQ21aMDY0cEdYcWo2QSI7czozOiJ1cmwiO2E6MTp7czo4OiJpbnRlbmRlZCI7czo0MzoiaHR0cHM6Ly8xNjUuMjIuNzEuMjMwL2luZGV4LnBocC9zY3JpcHRvcml1bSI7fXM6OToiX3ByZXZpb3VzIjthOjE6e3M6MzoidXJsIjtzOjQzOiJodHRwczovLzE2NS4yMi43MS4yMzAvaW5kZXgucGhwL3NjcmlwdG9yaXVtIjt9czo2OiJfZmxhc2giO2E6Mjp7czozOiJvbGQiO2E6MDp7fXM6MzoibmV3IjthOjA6e319fQ==',1629143518),('XugWZvXkWJpow44PzsDUWzaxCxrNDKBl31KK3bM3',NULL,'192.35.168.112','Mozilla/5.0 zgrab/0.x','YTozOntzOjY6Il90b2tlbiI7czo0MDoicTZYeFVGa2VHMHhveVRCaEtvazRlUlJidFdoeW1iejdlcUdROE1oWCI7czo5OiJfcHJldmlvdXMiO2E6MTp7czozOiJ1cmwiO3M6Mjc6Imh0dHBzOi8vMTY1LjIyLjcxLjIzMC9sb2dpbiI7fXM6NjoiX2ZsYXNoIjthOjI6e3M6Mzoib2xkIjthOjA6e31zOjM6Im5ldyI7YTowOnt9fX0=',1629146459),('XyjSQKshsNrqmRqTW3TJPnasBzLORcnyhL9v21vW',NULL,'128.14.134.134','Mozilla/5.0 (Windows NT 10.0; Win64; x64) AppleWebKit/537.36 (KHTML, like Gecko) Chrome/60.0.3112.113 Safari/537.36','YTozOntzOjY6Il90b2tlbiI7czo0MDoiWWd6U1F5emg3WGtGZnlzdkFSNTlpTG95ZXk0YVlNVU9HZHFyRW1ZayI7czo5OiJfcHJldmlvdXMiO2E6MTp7czozOiJ1cmwiO3M6MjE6Imh0dHBzOi8vMTY1LjIyLjcxLjIzMCI7fXM6NjoiX2ZsYXNoIjthOjI6e3M6Mzoib2xkIjthOjA6e31zOjM6Im5ldyI7YTowOnt9fX0=',1629143214),('zXRDW0Uos6aGqKCBJkWRG2Zx7N3hyRAxN9llV3Vt',NULL,'45.146.164.110','Mozilla/5.0 (Windows NT 10.0; Win64; x64) AppleWebKit/537.36 (KHTML, like Gecko) Chrome/78.0.3904.108 Safari/537.36','YTozOntzOjY6Il90b2tlbiI7czo0MDoiTGdkT2hPWDU3dER4bzZKWHJQMDQ1TkRVVHdPWmhSUk5vVUJEWEI3cyI7czo5OiJfcHJldmlvdXMiO2E6MTp7czozOiJ1cmwiO3M6Mjc6Imh0dHBzOi8vMTY1LjIyLjcxLjIzMC9sb2dpbiI7fXM6NjoiX2ZsYXNoIjthOjI6e3M6Mzoib2xkIjthOjA6e31zOjM6Im5ldyI7YTowOnt9fX0=',1629143525);
/*!40000 ALTER TABLE `sessions` ENABLE KEYS */;
UNLOCK TABLES;

--
-- Table structure for table `story_plans`
--

DROP TABLE IF EXISTS `story_plans`;
/*!40101 SET @saved_cs_client     = @@character_set_client */;
/*!50503 SET character_set_client = utf8mb4 */;
CREATE TABLE `story_plans` (
  `id` bigint unsigned NOT NULL AUTO_INCREMENT,
  `book_id` bigint unsigned NOT NULL,
  `objective` text COLLATE utf8mb4_unicode_ci,
  `inspiration` text COLLATE utf8mb4_unicode_ci,
  `created_at` timestamp NULL DEFAULT NULL,
  `updated_at` timestamp NULL DEFAULT NULL,
  PRIMARY KEY (`id`),
  KEY `story_plans_book_id_foreign` (`book_id`),
  CONSTRAINT `story_plans_book_id_foreign` FOREIGN KEY (`book_id`) REFERENCES `books` (`id`)
) ENGINE=InnoDB AUTO_INCREMENT=9 DEFAULT CHARSET=utf8mb4 COLLATE=utf8mb4_unicode_ci;
/*!40101 SET character_set_client = @saved_cs_client */;

--
-- Dumping data for table `story_plans`
--

LOCK TABLES `story_plans` WRITE;
/*!40000 ALTER TABLE `story_plans` DISABLE KEYS */;
INSERT INTO `story_plans` VALUES (1,1,NULL,NULL,'2021-03-29 20:17:25','2021-03-29 20:17:25'),(2,2,NULL,NULL,'2021-05-14 05:49:23','2021-05-14 05:49:23'),(3,3,'<p>My objective is to create a book series of 3-4 parts. The first book will be the shortest in length - roughly 300 pages. </p><p></p>','<p>Davinci Code, X-Files, Westworld.</p>','2021-05-16 00:56:31','2021-06-20 23:55:38'),(4,6,NULL,NULL,'2021-05-18 02:32:50','2021-05-18 02:32:50'),(5,7,NULL,NULL,'2021-05-31 19:11:58','2021-05-31 19:11:58'),(6,8,NULL,NULL,'2021-06-23 03:15:21','2021-06-23 03:15:21'),(7,11,'<p>Write my first novel.</p>','<p>The adventure I wished I had.</p>','2021-07-13 09:16:15','2021-07-13 09:18:33'),(8,12,NULL,NULL,'2021-08-02 06:11:09','2021-08-02 06:11:09');
/*!40000 ALTER TABLE `story_plans` ENABLE KEYS */;
UNLOCK TABLES;

--
-- Table structure for table `team_user`
--

DROP TABLE IF EXISTS `team_user`;
/*!40101 SET @saved_cs_client     = @@character_set_client */;
/*!50503 SET character_set_client = utf8mb4 */;
CREATE TABLE `team_user` (
  `id` bigint unsigned NOT NULL AUTO_INCREMENT,
  `team_id` bigint unsigned NOT NULL,
  `user_id` bigint unsigned NOT NULL,
  `role` varchar(255) COLLATE utf8mb4_unicode_ci DEFAULT NULL,
  `created_at` timestamp NULL DEFAULT NULL,
  `updated_at` timestamp NULL DEFAULT NULL,
  PRIMARY KEY (`id`),
  UNIQUE KEY `team_user_team_id_user_id_unique` (`team_id`,`user_id`)
) ENGINE=InnoDB DEFAULT CHARSET=utf8mb4 COLLATE=utf8mb4_unicode_ci;
/*!40101 SET character_set_client = @saved_cs_client */;

--
-- Dumping data for table `team_user`
--

LOCK TABLES `team_user` WRITE;
/*!40000 ALTER TABLE `team_user` DISABLE KEYS */;
/*!40000 ALTER TABLE `team_user` ENABLE KEYS */;
UNLOCK TABLES;

--
-- Table structure for table `teams`
--

DROP TABLE IF EXISTS `teams`;
/*!40101 SET @saved_cs_client     = @@character_set_client */;
/*!50503 SET character_set_client = utf8mb4 */;
CREATE TABLE `teams` (
  `id` bigint unsigned NOT NULL AUTO_INCREMENT,
  `user_id` bigint unsigned NOT NULL,
  `name` varchar(255) COLLATE utf8mb4_unicode_ci NOT NULL,
  `personal_team` tinyint(1) NOT NULL,
  `created_at` timestamp NULL DEFAULT NULL,
  `updated_at` timestamp NULL DEFAULT NULL,
  PRIMARY KEY (`id`),
  KEY `teams_user_id_index` (`user_id`)
) ENGINE=InnoDB AUTO_INCREMENT=9 DEFAULT CHARSET=utf8mb4 COLLATE=utf8mb4_unicode_ci;
/*!40101 SET character_set_client = @saved_cs_client */;

--
-- Dumping data for table `teams`
--

LOCK TABLES `teams` WRITE;
/*!40000 ALTER TABLE `teams` DISABLE KEYS */;
INSERT INTO `teams` VALUES (1,1,'Maxim\'s Team',1,'2021-03-29 20:03:26','2021-03-29 20:03:26'),(2,2,'Maxim Mitruschenkov Team',1,'2021-05-13 23:56:08','2021-05-13 23:56:08'),(3,3,'Natassja\'s Team',1,'2021-05-14 04:08:02','2021-05-14 04:08:02'),(4,4,'Maxim Mitruschenkov Team',1,'2021-05-31 18:48:22','2021-05-31 18:48:22'),(5,5,'Maxim Mitruschenkov Team',1,'2021-05-31 18:55:10','2021-05-31 18:55:10'),(6,6,'Hutch\'s Team',1,'2021-06-23 03:12:26','2021-06-23 03:12:26'),(7,7,'Alexander\'s Team',1,'2021-07-13 09:07:58','2021-07-13 09:07:58'),(8,8,'Tran Nhan Team',1,'2021-08-02 06:10:14','2021-08-02 06:10:14');
/*!40000 ALTER TABLE `teams` ENABLE KEYS */;
UNLOCK TABLES;

--
-- Table structure for table `users`
--

DROP TABLE IF EXISTS `users`;
/*!40101 SET @saved_cs_client     = @@character_set_client */;
/*!50503 SET character_set_client = utf8mb4 */;
CREATE TABLE `users` (
  `id` bigint unsigned NOT NULL AUTO_INCREMENT,
  `is_admin` tinyint(1) NOT NULL DEFAULT '0',
  `name` varchar(255) CHARACTER SET utf8mb4 COLLATE utf8mb4_unicode_ci DEFAULT NULL,
  `email` varchar(255) COLLATE utf8mb4_unicode_ci NOT NULL,
  `first_name` varchar(255) COLLATE utf8mb4_unicode_ci DEFAULT NULL,
  `last_name` varchar(255) COLLATE utf8mb4_unicode_ci DEFAULT NULL,
  `pen_name` varchar(255) COLLATE utf8mb4_unicode_ci DEFAULT NULL,
  `email_verified_at` timestamp NULL DEFAULT NULL,
  `password` varchar(255) COLLATE utf8mb4_unicode_ci NOT NULL,
  `two_factor_secret` text COLLATE utf8mb4_unicode_ci,
  `two_factor_recovery_codes` text COLLATE utf8mb4_unicode_ci,
  `remember_token` varchar(100) COLLATE utf8mb4_unicode_ci DEFAULT NULL,
  `current_team_id` bigint unsigned DEFAULT NULL,
  `profile_photo_path` text COLLATE utf8mb4_unicode_ci,
  `stripe_customer` varchar(255) COLLATE utf8mb4_unicode_ci DEFAULT NULL,
  `stripe_subscription` varchar(255) COLLATE utf8mb4_unicode_ci DEFAULT NULL,
  `stripe_subscription_started_at` datetime DEFAULT NULL,
  `stripe_subscription_ended_at` datetime DEFAULT NULL,
  `stripe_card` varchar(255) COLLATE utf8mb4_unicode_ci DEFAULT NULL,
  `stripe_card_last_4` varchar(255) COLLATE utf8mb4_unicode_ci DEFAULT NULL,
  `created_at` timestamp NULL DEFAULT NULL,
  `updated_at` timestamp NULL DEFAULT NULL,
  `permissions` json DEFAULT NULL,
  PRIMARY KEY (`id`),
  UNIQUE KEY `users_email_unique` (`email`)
) ENGINE=InnoDB AUTO_INCREMENT=9 DEFAULT CHARSET=utf8mb4 COLLATE=utf8mb4_unicode_ci;
/*!40101 SET character_set_client = @saved_cs_client */;

--
-- Dumping data for table `users`
--

LOCK TABLES `users` WRITE;
/*!40000 ALTER TABLE `users` DISABLE KEYS */;
INSERT INTO `users` VALUES (1,1,'Maxim Mit','mitruschenkov@gmail.com','Maxim','Mit','BingoDingo',NULL,'$2y$10$PBBW/DqfPa1huqsp7oVIceGIKameugWHAUNuTDFrtqXjsD.piwhp6',NULL,NULL,NULL,1,NULL,'cus_JCr1cgnwmH3hOg',NULL,NULL,NULL,'card_1IaRddBSVLSB8icB80j8EHqI','4242','2021-03-29 20:03:25','2021-03-29 20:24:53',NULL),(3,0,'Natassja Lindrea','natassjalindrea@gmail.com','Natassja','Lindrea','Tash',NULL,'$2y$10$JLP3GROYwjaIfFdqHqsqPeeNCRDvxS6KPyXcqtJpTSr/0tY6s34Qa',NULL,NULL,NULL,3,'profile-photos/Mzbn66ZriBTg4RwjXAABslpUYQwguMWWArEQO7cF.jpg','cus_JaR8MlBAe0H05I',NULL,NULL,NULL,'card_1J5MMSK0GlDCCKIMcckMXMCu','7231','2021-05-14 04:08:01','2021-06-23 03:02:46',NULL),(5,1,'asdasd asdasd','maxsprite.work@gmail.com','asdasd','asdasd','asdasdasd',NULL,'$2y$10$3bAs39.3f6DWtzxQWO5b1uZDF17krDlSYDKicPa532xuyXmRK7JoK',NULL,NULL,NULL,5,NULL,'cus_JaR8MlBAe0H05I',NULL,NULL,NULL,'card_1IxGHhK0GlDCCKIMBk94xcmQ','1655','2021-05-31 18:55:10','2021-06-22 22:37:31','[]'),(6,0,'Hutch Bo','nlindrea@leesongroup.com.au','Hutch','Bo','Hatch',NULL,'$2y$10$1UoiGlw4AoLTtr8.mT8SX.IBFGeZ.Vg.2h7e0BpWUxAcS4DDkg40y',NULL,NULL,NULL,6,NULL,'cus_Jio8tRgTBDvCLa',NULL,NULL,NULL,NULL,NULL,'2021-06-23 03:12:26','2021-06-23 03:14:58',NULL),(7,0,'Alexander Billet','tobym.ryan@gmail.com','Alexander','Billet','Alex',NULL,'$2y$10$rnEEBqxwiME/wlBpcooxa.Z0yas4nclgQ1NU3Bynlz9GRcFBLwJFG',NULL,NULL,NULL,7,NULL,'cus_JqON4duJwAsPFa',NULL,NULL,NULL,NULL,NULL,'2021-07-13 09:07:58','2021-07-13 09:17:41',NULL),(8,0,'Tran Nhan','developernhan@gmail.com',NULL,NULL,NULL,NULL,'$2y$10$v7qK7hPLP9f15oM7J8j9We.YF4dPEadL8QiElGxgfo8ZkplyDDXx.',NULL,NULL,NULL,8,NULL,'cus_Jxq1A4Mbg6kmUv',NULL,NULL,NULL,NULL,NULL,'2021-08-02 06:10:14','2021-08-02 06:10:15',NULL);
/*!40000 ALTER TABLE `users` ENABLE KEYS */;
UNLOCK TABLES;
/*!40103 SET TIME_ZONE=@OLD_TIME_ZONE */;

/*!40101 SET SQL_MODE=@OLD_SQL_MODE */;
/*!40014 SET FOREIGN_KEY_CHECKS=@OLD_FOREIGN_KEY_CHECKS */;
/*!40014 SET UNIQUE_CHECKS=@OLD_UNIQUE_CHECKS */;
/*!40101 SET CHARACTER_SET_CLIENT=@OLD_CHARACTER_SET_CLIENT */;
/*!40101 SET CHARACTER_SET_RESULTS=@OLD_CHARACTER_SET_RESULTS */;
/*!40101 SET COLLATION_CONNECTION=@OLD_COLLATION_CONNECTION */;
/*!40111 SET SQL_NOTES=@OLD_SQL_NOTES */;

-- Dump completed on 2021-08-17 13:00:03
